"";"x18";"x29";"x33";"x34";"x45";"x48";"x71";"x90";"x96";"x106";"x109";"x141";"x146";"x169";"x170";"x180";"x192";"x228";"x229";"x254";"x280";"x281";"x288";"x290";"x292";"x306";"x360";"x380";"x386";"x453";"x480";"x482";"x508";"x539";"x559";"x653";"x746";"x765";"x776";"x779";"x783";"x784";"x785";"x789";"x896";"x923";"x966";"x1192";"x1518";"x1617";"x1634";"x1843";"x1854";"x2218";"x2330";"x2406";"x2522";"x2528";"x2569"
"H172";30;71;34;77;212;27;0;31;48;51;25;36;0;44;15;0;55;30;0;0;19;308;13;14;15;12;0;21;0;260;162;151;97;291;165;83;0;238;0;23;122;12;34;532;145;0;21;96;931;79;587;101;107;128;83;204;143;483;136
"H173";16;58;31;63;286;24;0;31;28;22;22;23;13;34;8;4;21;21;0;3;34;368;4;6;11;6;5;7;0;260;107;95;72;290;114;101;0;249;5;21;107;2;20;576;217;0;32;27;987;30;510;115;185;147;79;162;149;476;115
"H176";0;55;0;62;267;0;0;10;32;36;0;0;0;0;0;0;0;21;0;5;19;477;0;0;0;0;0;0;0;266;134;123;70;365;161;115;0;231;0;0;132;0;20;604;251;0;16;76;1099;29;623;179;197;134;150;196;163;475;154
"H166";0;74;8;55;288;15;0;14;11;20;0;0;0;0;0;0;0;65;0;27;34;586;0;0;0;0;0;0;0;175;60;133;51;229;139;107;0;239;11;24;112;0;33;829;195;10;35;60;1340;41;460;136;133;108;102;112;101;365;156
"H167";0;94;9;94;369;23;0;18;31;84;0;0;0;0;0;0;0;28;0;18;30;205;0;0;0;0;0;0;0;347;252;188;75;396;148;82;0;412;0;27;134;0;16;672;134;55;44;83;459;81;495;76;188;164;106;174;117;435;61
"H170";85;146;159;117;206;83;0;50;127;80;60;137;71;296;52;51;199;65;0;0;20;201;14;52;73;51;35;45;63;148;83;85;51;191;105;59;0;131;0;0;96;0;0;418;83;0;0;43;854;0;152;61;47;22;71;79;30;67;65
"H179";0;85;16;66;234;12;0;14;23;29;0;0;0;8;0;0;11;63;0;12;20;462;0;0;0;0;0;0;0;186;88;164;41;242;143;129;0;288;5;28;189;3;51;1071;165;0;26;39;1365;35;290;82;129;103;80;161;85;268;173
"H161";23;98;39;104;254;36;0;42;43;48;15;12;8;26;5;0;25;50;0;7;27;456;7;12;6;0;6;0;0;164;102;175;55;240;120;133;0;234;11;27;140;0;24;873;152;0;29;86;1225;37;394;62;116;86;68;134;68;327;117
"H169";8;76;29;63;231;23;0;13;22;39;13;10;6;24;3;0;32;57;0;16;37;597;0;8;0;0;0;1;0;119;90;143;61;213;90;95;0;298;9;22;127;11;47;936;216;0;26;29;1224;43;408;117;127;85;48;136;92;283;47
"H175";0;137;0;91;354;0;0;0;0;69;0;0;0;0;0;0;0;0;0;0;45;396;0;0;0;0;0;0;0;381;312;246;150;445;165;90;0;286;0;0;220;0;0;838;154;56;0;205;1159;59;468;99;120;52;102;174;113;386;205
"H180";0;69;23;62;273;14;0;10;28;47;0;16;4;15;0;0;19;92;0;18;11;481;0;4;0;0;0;0;0;134;122;145;39;250;118;103;0;322;7;30;127;7;50;1121;211;0;52;38;1091;43;419;135;147;106;78;145;75;323;80
"H165";0;29;5;50;224;5;0;9;22;25;0;0;0;0;0;0;0;3;0;0;9;399;0;0;0;0;0;0;0;241;96;99;61;311;191;68;0;233;8;22;102;0;32;602;234;8;32;54;1292;38;464;126;189;102;88;209;133;388;210
"H174";11;104;29;79;201;13;0;13;26;35;0;5;0;12;0;0;14;114;0;20;39;478;0;0;9;0;0;0;0;149;83;166;61;225;81;108;0;314;10;15;133;3;47;1129;122;11;33;44;1090;80;368;72;150;89;59;200;105;330;125
"H171";26;87;88;121;226;38;0;26;54;62;14;45;9;52;11;12;35;49;0;37;23;342;10;29;16;15;10;16;15;135;168;154;63;264;130;93;0;291;0;13;121;0;45;808;120;56;49;65;1043;72;387;58;91;85;59;187;104;246;108
"H162";0;97;16;88;267;23;0;6;21;36;8;4;0;4;0;0;15;73;0;16;22;441;0;0;0;0;0;0;0;165;119;159;46;242;162;102;0;251;9;26;139;9;52;937;158;0;28;45;1236;38;480;74;107;75;83;157;88;345;116
"H168";10;53;30;82;247;13;0;13;13;43;0;0;0;0;0;0;19;17;0;10;22;390;0;0;0;0;0;0;0;151;124;150;70;271;153;103;0;365;9;25;118;0;33;696;232;155;43;74;1151;66;340;107;125;83;67;209;85;299;67
"H177";0;44;10;57;199;3;0;13;27;26;0;0;0;0;0;0;0;10;0;5;32;546;0;0;0;0;0;0;0;161;76;157;67;204;101;104;0;300;14;33;148;3;48;1002;180;47;13;42;1211;98;492;94;147;73;51;192;112;373;110
"H164";0;94;25;93;192;0;0;9;26;65;0;0;0;0;0;0;0;56;0;22;50;633;0;0;0;0;0;0;0;154;116;229;66;313;130;106;0;284;0;25;153;0;12;838;166;0;27;94;1449;78;423;59;88;85;58;212;73;336;134
"H159";37;177;73;124;297;76;0;40;74;75;39;59;0;81;22;17;112;394;23;39;159;748;0;42;32;31;0;12;0;102;166;268;79;332;65;142;38;379;20;30;124;61;60;848;139;0;45;81;277;45;77;99;33;62;44;30;0;44;0
"H163";0;61;14;60;180;8;0;15;12;20;0;0;0;0;0;0;8;85;0;16;16;395;0;0;0;0;0;0;0;139;45;134;59;169;99;100;3;316;3;40;121;11;42;1253;153;26;31;34;1083;64;311;99;109;70;52;147;70;213;122
"H153";0;84;19;83;196;18;0;9;24;24;0;0;0;0;0;0;34;279;3;49;80;581;4;15;4;0;0;0;0;55;58;162;33;141;70;104;14;459;30;40;114;60;91;1303;174;5;38;9;516;106;150;92;122;88;35;81;31;150;22
"H148";9;113;23;73;192;16;0;17;40;53;10;6;5;23;5;0;41;140;2;48;78;601;0;12;5;8;0;2;0;85;65;145;32;202;81;117;3;375;16;42;131;25;99;1047;232;9;33;37;834;76;225;116;101;81;29;99;56;186;12
"H158";54;202;95;138;167;78;0;27;72;63;63;103;40;127;15;13;70;456;0;18;77;441;12;28;22;23;30;34;14;63;95;296;44;178;35;110;31;305;7;41;53;29;116;1474;76;0;45;51;421;31;35;72;28;28;20;23;0;14;0
"H143";0;136;26;123;306;13;0;14;27;26;0;0;0;0;0;0;32;392;0;38;110;623;0;12;0;0;0;0;0;113;137;187;60;222;103;128;33;587;28;63;109;64;212;1265;182;3;71;43;398;79;88;127;57;64;27;60;26;53;0
"H152";0;174;18;154;296;11;0;0;32;43;0;0;0;0;0;0;0;312;0;46;84;549;0;0;0;0;0;0;0;148;179;256;56;259;91;160;0;520;0;53;121;50;109;1461;194;19;49;89;510;67;142;102;60;69;13;76;20;110;0
"H145";45;163;93;109;112;82;0;41;105;60;51;87;55;156;45;44;150;201;14;22;59;376;23;51;28;69;55;52;41;66;90;127;33;162;60;80;9;301;21;27;77;35;56;657;103;25;33;0;270;65;49;70;56;51;27;34;15;33;8
"H149";18;196;42;95;211;41;0;25;45;59;21;21;10;17;5;0;25;298;0;39;139;507;0;22;34;0;7;0;5;53;141;217;49;195;84;101;17;421;13;44;92;65;115;1444;151;41;56;40;567;94;150;108;82;84;18;77;18;115;0
"H154";0;151;21;112;203;13;0;8;25;39;0;0;0;0;0;0;27;354;0;33;150;559;0;18;8;0;0;0;0;78;119;201;39;203;90;148;6;411;18;65;179;57;100;1221;109;47;69;50;487;121;115;55;53;72;31;64;19;87;0
"H157";42;198;112;130;158;68;0;46;66;65;49;112;48;161;37;5;86;321;13;58;60;392;27;76;35;37;21;29;26;60;89;165;36;136;37;105;20;248;40;48;109;37;73;839;81;0;35;52;231;62;34;63;44;14;15;33;0;14;0
"H142";0;171;0;117;348;0;0;0;25;0;0;0;0;0;0;0;0;398;0;22;82;579;0;11;0;0;0;0;0;85;106;391;47;206;114;170;40;520;0;66;68;54;178;1835;151;63;14;57;454;32;41;115;43;64;46;63;0;25;0
"H147";26;136;64;107;224;65;0;28;32;63;14;31;9;30;0;6;49;214;0;20;66;507;14;18;17;7;11;0;0;99;114;225;53;218;75;87;0;469;10;40;105;23;88;1217;200;50;56;34;606;77;176;102;93;76;20;118;34;127;17
"H160";22;257;54;135;271;20;0;32;45;61;0;14;0;23;0;0;50;322;0;90;75;563;0;0;23;0;0;0;0;111;205;231;74;259;77;171;0;393;0;48;140;42;149;999;188;29;56;119;397;84;81;73;53;58;15;42;0;48;0
"H141";0;194;36;174;162;10;0;0;22;40;0;0;0;0;0;0;49;427;0;58;84;544;0;17;25;0;0;0;0;62;138;244;38;219;66;122;29;507;29;77;197;83;132;1331;109;37;62;65;258;153;71;118;36;49;19;57;0;25;0
"H155";0;245;39;146;237;17;0;0;50;62;0;0;0;0;0;0;17;442;0;69;74;379;0;13;54;0;0;0;0;53;206;220;38;172;106;126;26;445;34;42;167;54;182;1157;159;18;52;70;454;186;53;70;44;57;29;64;0;44;0
"H139";0;212;91;124;170;36;0;0;47;30;0;0;5;0;23;5;149;438;27;63;119;435;8;39;48;22;83;0;0;52;125;140;29;110;63;133;128;281;237;156;174;100;97;529;96;0;104;25;100;48;22;90;38;37;13;13;0;0;0
"H127";6;105;44;116;131;30;0;4;21;6;0;0;4;0;7;0;132;335;5;59;68;462;10;37;104;0;35;0;0;37;82;95;21;119;74;69;92;285;107;112;184;124;173;418;114;27;138;32;97;103;10;94;61;96;16;12;6;0;0
"H128";2;138;71;107;136;28;0;4;22;21;2;2;16;3;27;11;137;359;34;50;79;380;5;37;57;14;194;0;2;35;71;85;29;75;69;116;128;274;290;179;182;134;138;476;58;5;133;23;94;37;3;62;37;51;8;1;0;0;0
"H123";11;176;121;122;170;66;0;11;35;11;9;9;12;11;9;0;198;416;26;56;248;851;0;49;72;9;75;0;0;35;106;102;38;80;48;112;162;170;309;172;225;120;131;398;47;0;113;46;120;59;0;97;21;53;7;10;0;0;0
"H138";13;163;53;97;138;21;0;0;35;12;0;0;14;0;54;0;97;432;16;38;130;426;0;55;68;13;113;0;0;27;67;97;23;77;41;113;116;244;272;139;180;99;175;679;66;0;92;30;92;37;10;98;26;37;6;6;0;0;0
"H131";11;111;127;101;113;44;0;5;27;14;3;4;9;3;10;2;276;378;15;50;187;612;11;41;56;28;73;0;0;16;67;45;34;59;44;76;150;199;274;175;269;134;119;199;71;8;143;14;50;89;5;78;32;40;8;4;0;0;0
"H124";17;135;98;113;118;47;0;13;52;29;20;31;32;13;51;20;194;246;36;78;178;464;9;52;49;20;149;0;5;20;67;53;32;65;58;85;176;154;355;141;127;177;119;216;63;11;149;8;43;33;0;75;33;36;4;0;0;0;0
"H140";8;132;71;112;113;24;0;0;18;24;2;3;20;0;40;0;196;313;22;66;83;324;10;26;92;11;68;0;0;23;71;63;12;65;55;89;112;297;261;170;251;142;135;272;63;28;146;28;44;64;4;62;25;30;1;3;0;0;0
"H132";10;152;78;121;113;35;0;11;48;11;2;7;18;0;21;4;181;384;21;93;129;439;0;38;64;7;45;0;0;23;68;73;30;83;40;147;160;225;233;145;166;95;127;449;77;6;124;32;107;60;25;91;35;34;14;2;0;10;0
"H133";16;122;93;103;82;57;0;23;73;25;22;82;56;115;43;20;238;238;58;54;195;343;23;62;39;84;144;28;15;18;44;12;14;37;32;99;124;144;248;107;166;114;73;102;33;5;79;0;22;29;12;75;13;11;1;0;0;0;0
"H130";0;183;62;85;156;39;0;0;21;23;0;0;0;0;5;0;140;374;12;37;111;440;3;46;58;9;52;0;0;37;75;68;26;97;90;113;127;421;235;153;198;201;216;459;125;10;136;28;136;81;13;147;50;64;9;4;3;13;0
"H129";6;157;111;95;88;60;0;6;107;45;10;8;34;0;39;8;250;313;60;74;199;483;8;35;56;74;187;0;9;29;75;40;21;60;39;78;140;131;308;162;194;144;101;176;48;11;108;22;29;52;5;62;13;11;0;0;0;0;0
"H136";7;155;98;69;124;46;0;11;21;19;7;10;30;5;34;4;213;280;31;60;130;286;3;28;84;22;132;0;0;14;61;43;32;49;76;93;139;266;318;189;215;208;119;230;57;13;157;16;49;62;6;51;29;45;4;4;0;0;0
"H121";13;106;96;66;88;47;0;35;44;41;26;67;68;111;35;24;169;268;31;52;115;359;20;88;64;41;97;24;21;24;55;54;13;35;22;88;98;181;257;151;131;99;78;270;45;10;53;0;72;16;13;42;22;14;1;0;0;0;0
"H137";15;141;74;85;93;43;0;5;24;16;8;11;23;0;29;7;214;292;29;45;136;380;5;51;102;9;130;0;0;21;87;36;22;53;34;96;160;159;354;187;195;186;127;167;58;15;156;7;43;47;3;48;21;34;3;6;0;0;0
"H125";8;113;61;88;86;26;0;2;19;11;3;12;18;0;43;1;212;311;37;56;149;437;1;44;99;28;114;0;0;13;36;20;19;12;56;81;156;204;309;164;233;139;116;175;59;11;98;7;43;52;4;45;21;23;5;0;0;0;0
"H135";18;187;102;91;85;29;0;15;36;26;15;37;51;38;47;14;257;256;49;25;180;461;9;51;43;57;149;7;5;6;55;35;9;39;40;98;147;140;432;158;179;186;95;133;49;0;104;5;36;23;3;50;16;27;1;0;0;0;0
"H119";33;118;143;74;84;37;0;7;52;19;12;18;73;13;52;31;306;222;116;124;190;313;8;61;42;56;255;0;1;16;65;23;13;27;22;72;113;85;271;140;176;118;62;95;23;8;45;4;23;23;8;43;11;15;3;0;0;0;0
"H122";21;128;89;95;87;53;0;17;37;40;19;33;59;48;59;7;194;226;54;144;161;385;9;39;47;56;159;7;4;14;70;27;10;54;48;75;121;161;301;133;178;148;65;204;58;6;80;8;21;49;11;35;14;10;7;0;0;0;0
"H134";27;102;130;97;90;54;0;14;57;20;18;40;28;78;58;33;233;270;29;69;133;392;14;58;97;38;123;15;12;14;66;70;24;59;52;77;112;157;276;124;144;129;94;244;60;8;86;5;66;33;9;75;18;16;0;6;0;0;0
"H107";19;109;168;100;83;75;0;11;65;34;14;10;62;4;33;26;510;207;91;145;165;309;19;52;59;63;197;0;6;16;55;28;11;79;21;69;134;108;188;116;169;154;38;70;34;14;75;16;19;70;13;28;23;34;0;0;0;0;0
"H109";19;137;101;66;80;51;0;24;47;33;26;61;35;74;57;30;256;296;80;62;178;355;24;91;56;44;170;24;9;11;44;22;14;30;38;68;100;101;192;106;156;100;44;100;37;8;57;0;28;21;4;58;18;18;0;0;0;0;0
"H110";15;83;107;50;61;47;0;16;52;30;14;34;58;49;63;24;273;268;99;92;147;312;11;89;46;59;199;7;8;17;51;18;16;34;31;58;95;124;169;92;120;106;66;100;43;0;62;4;34;26;9;38;10;26;4;0;0;0;0
"H126";11;240;79;139;156;71;0;7;38;64;0;0;0;0;16;0;133;346;11;74;131;398;0;65;120;18;109;0;0;34;170;92;44;144;37;126;118;289;257;182;228;171;154;419;77;7;123;31;73;99;11;112;17;21;9;0;0;0;0
"H114";30;286;207;157;107;100;78;0;107;91;26;11;86;11;42;21;456;198;118;95;166;297;59;48;120;83;304;0;0;0;138;53;36;78;0;76;129;98;233;105;263;147;72;80;22;0;74;38;26;39;0;32;0;0;0;0;0;0;0
"H115";26;114;174;58;58;81;0;33;77;34;25;33;98;95;49;90;475;238;126;28;238;244;40;135;117;100;287;15;33;8;29;10;13;24;10;40;81;76;139;57;99;77;8;9;20;4;23;0;14;30;3;4;0;2;0;0;0;0;0
"H103";10;115;206;66;62;94;0;13;68;35;10;9;49;6;48;15;606;248;102;113;206;384;17;66;64;77;297;0;6;9;59;13;17;25;27;68;102;112;189;86;205;160;49;72;26;9;34;12;13;35;12;31;0;2;0;0;0;0;0
"H113";40;145;200;103;102;93;7;25;107;62;24;22;71;51;49;37;484;209;127;91;144;228;10;105;94;105;267;8;15;0;44;12;22;39;16;74;84;82;186;98;149;135;45;27;23;5;29;17;21;28;3;21;0;0;0;0;0;0;0
"H106";15;104;190;52;68;69;0;10;82;30;7;7;87;14;51;25;378;149;82;135;139;210;10;57;53;98;320;2;10;10;47;21;13;14;9;68;86;70;237;93;168;209;53;88;37;7;29;0;16;37;8;14;5;9;0;0;0;0;0
"H116";34;143;163;57;73;66;0;29;91;33;22;17;118;15;46;35;431;167;111;154;190;296;24;87;65;119;236;2;7;4;54;6;18;18;13;47;96;81;210;104;134;209;43;29;24;6;33;0;12;23;9;26;0;2;0;0;0;0;0
"H101";15;181;199;98;104;77;0;25;98;37;22;22;103;30;53;46;468;192;122;132;237;348;27;94;79;62;222;0;6;20;57;21;14;36;15;60;136;92;181;105;123;154;43;37;28;0;39;15;27;25;3;25;13;0;0;0;0;0;0
"H111";48;216;195;149;106;150;43;23;160;68;42;52;128;137;89;84;546;223;141;44;154;221;25;187;169;117;273;12;23;5;65;12;19;17;16;31;94;86;149;66;111;106;12;6;7;5;16;22;7;33;0;14;0;0;0;0;0;0;0
"H120";24;99;146;85;34;61;0;11;49;49;17;8;43;26;29;16;838;157;54;97;144;181;103;63;99;51;143;0;2;5;41;8;8;14;10;21;56;76;83;50;187;87;16;22;8;28;21;6;19;60;12;9;0;0;0;0;0;0;0
"H104";20;94;166;80;64;78;0;22;62;28;9;13;87;44;45;48;387;175;88;74;166;236;25;118;111;97;220;6;19;10;44;8;10;18;21;44;116;78;147;94;130;158;36;40;20;22;48;0;14;34;6;13;6;4;0;0;0;0;0
"H117";25;123;199;94;48;94;0;13;89;42;16;34;95;88;70;74;518;166;134;20;155;183;46;144;152;104;282;4;24;3;46;11;7;26;10;27;94;81;140;71;85;83;10;10;13;17;24;0;2;42;0;2;0;0;0;0;0;0;0
"H105";32;125;118;102;72;97;0;34;115;50;33;54;124;123;76;71;421;150;116;50;141;138;26;141;100;109;369;18;48;0;53;14;16;12;3;39;68;46;86;51;107;149;13;4;14;11;4;0;0;40;0;5;0;0;0;0;0;0;0
"H102";29;117;213;81;60;70;0;14;77;32;12;33;102;49;72;83;463;146;128;26;177;172;42;158;103;126;253;10;30;11;35;5;10;19;21;44;105;74;101;51;103;119;15;16;11;12;16;0;12;26;4;6;0;0;0;0;0;0;0
"H087";28;129;160;97;73;104;0;35;63;51;23;52;99;132;58;96;442;138;86;43;131;185;49;167;108;105;216;23;23;7;19;19;10;13;0;68;37;46;88;53;71;39;18;38;9;5;15;0;0;19;4;5;1;0;0;0;0;0;0
"H089";44;76;90;52;22;83;0;22;50;45;22;166;134;451;56;115;400;151;35;4;54;73;144;182;156;70;146;62;74;1;8;2;2;0;6;10;4;10;14;3;9;7;0;0;0;6;0;0;3;0;0;0;0;0;0;0;0;0;0
"H100";26;114;168;75;49;97;3;35;57;46;26;69;139;187;69;96;483;146;116;63;119;124;44;214;80;86;164;22;34;6;25;9;3;17;5;39;33;42;48;36;50;24;17;15;8;0;9;0;20;4;6;1;2;0;0;0;0;0;0
"H093";13;71;70;66;49;50;0;14;31;58;29;59;65;250;103;109;200;160;132;60;102;109;72;226;205;112;54;56;36;4;30;11;4;4;20;11;42;16;50;13;51;30;10;14;8;14;0;0;12;8;6;2;0;0;0;0;0;0;0
"H097";22;81;132;65;32;63;0;25;50;44;31;84;138;180;90;82;437;89;57;34;95;75;38;160;80;86;133;38;43;4;26;6;7;12;2;22;29;19;51;21;65;29;3;7;3;1;3;0;5;14;4;0;0;0;0;0;0;0;0
"H094";13;45;75;38;33;37;0;23;24;46;28;72;110;345;95;150;216;153;150;67;58;75;17;262;125;136;45;54;19;7;14;9;9;7;11;17;27;8;54;23;52;27;4;6;10;6;0;0;6;13;9;5;0;0;0;0;0;0;0
"H092";24;98;165;74;48;86;0;14;27;68;36;71;57;213;89;89;350;206;155;51;73;106;50;275;286;106;50;45;32;2;38;17;9;23;23;19;37;51;81;42;97;46;14;14;19;21;13;0;11;32;3;5;1;0;0;0;0;0;0
"H096";26;74;114;54;15;41;11;40;39;46;33;139;154;573;64;112;286;82;31;7;49;36;33;182;125;91;117;35;88;3;10;4;0;2;4;10;9;7;25;2;9;17;0;0;0;16;0;0;4;0;2;0;0;0;0;0;0;0;0
"H085";41;85;147;78;32;51;0;46;54;45;38;133;157;282;71;109;423;79;61;12;53;59;50;180;129;88;132;23;82;2;18;8;3;2;2;26;14;13;27;7;25;23;2;0;0;0;0;0;10;2;0;0;0;0;0;0;0;0;0
"H098";37;85;89;49;22;48;0;34;26;50;29;139;153;353;69;107;368;92;53;8;48;52;41;214;177;84;178;94;62;5;12;4;3;2;3;9;18;13;19;13;13;13;3;0;0;8;0;0;6;4;0;0;0;0;0;0;0;0;0
"H069";24;133;113;69;31;54;33;46;60;61;36;131;160;365;102;102;332;112;78;23;76;97;42;180;82;94;167;50;45;4;24;7;5;8;3;24;8;27;38;17;22;16;5;7;1;0;0;0;5;0;0;0;0;0;0;0;0;0;0
"H070";44;98;87;73;41;72;19;58;55;48;36;116;111;322;76;105;289;77;42;5;42;38;44;181;108;77;167;50;62;3;10;9;3;3;6;27;6;26;15;7;12;5;0;2;0;4;0;0;0;4;1;0;0;0;0;0;0;0;0
"H067";29;124;158;87;50;82;0;43;91;45;39;121;161;258;91;124;401;148;102;26;107;130;35;201;121;112;158;21;50;6;20;22;8;8;9;53;23;50;25;20;29;15;6;12;2;0;10;0;0;0;0;0;0;0;0;0;0;0;0
"H078";38;68;148;70;25;166;77;22;48;76;101;150;41;624;130;54;369;114;23;0;26;26;159;165;205;98;37;126;46;7;0;0;0;0;14;13;0;5;0;0;0;0;0;0;0;7;0;0;0;0;0;0;0;0;0;0;0;0;0
"H079";75;146;235;100;41;118;92;67;89;94;56;122;204;308;76;126;410;153;64;14;67;75;55;207;110;120;174;42;60;0;11;0;6;0;9;25;8;25;33;17;23;7;0;8;0;0;0;0;23;0;0;0;0;0;0;0;0;0;0
"H063";45;67;126;73;18;61;11;69;47;48;36;260;160;381;65;115;287;108;27;4;49;50;62;123;109;89;109;89;53;5;5;5;0;0;14;11;4;9;4;4;0;1;0;0;0;0;0;0;3;0;0;0;0;0;0;0;0;0;0
"H062";42;98;178;145;20;155;117;87;90;116;102;184;142;653;84;70;390;65;24;0;14;27;51;134;51;166;120;147;65;0;0;0;0;0;0;0;0;0;0;0;0;0;0;0;0;0;0;0;0;0;0;0;0;0;0;0;0;0;0
"H090";30;102;105;54;21;67;26;37;67;44;32;194;193;603;72;110;306;113;48;4;46;37;45;193;100;105;184;75;89;0;8;0;0;0;5;14;2;8;13;7;4;4;0;0;0;1;0;0;0;0;0;0;0;0;0;0;0;0;0
"H068";69;114;197;152;15;120;106;80;86;90;108;248;147;704;90;87;363;95;12;0;20;17;77;150;79;99;89;93;162;0;0;0;0;0;6;6;0;0;0;0;0;0;0;0;0;0;0;0;0;0;0;0;0;0;0;0;0;0;0
"H081";57;90;114;98;25;101;90;53;83;74;67;149;202;479;63;94;324;94;51;0;39;48;88;196;159;70;156;86;61;0;11;0;8;0;3;11;0;0;13;0;4;18;0;0;0;9;0;0;0;0;0;0;0;0;0;0;0;0;0
"H086";31;82;133;93;26;31;0;30;35;38;20;118;107;429;97;82;447;129;43;7;67;34;107;246;198;72;133;72;48;2;9;2;0;0;8;11;5;14;12;2;5;1;2;0;0;3;0;0;0;0;0;0;0;0;0;0;0;0;0
"H065";75;121;228;116;27;144;97;66;73;128;91;257;114;687;130;75;365;124;16;0;26;43;41;258;109;98;120;52;104;0;0;0;0;0;0;23;0;0;0;0;0;0;0;0;0;0;0;0;0;0;0;0;0;0;0;0;0;0;0
"H074";53;98;172;97;23;105;94;64;55;79;92;205;154;670;73;100;323;103;34;7;24;40;35;142;56;119;123;212;69;0;0;0;0;0;0;12;0;0;0;0;0;0;0;0;0;0;0;0;0;0;0;0;0;0;0;0;0;0;0
"H099";62;137;133;103;21;123;120;38;109;116;67;191;161;480;85;100;321;92;40;0;38;52;66;151;145;138;136;87;109;0;14;0;0;0;0;5;0;4;20;0;0;0;0;0;0;0;0;0;0;0;0;0;0;0;0;0;0;0;0
"H056";59;124;153;109;0;195;213;36;62;125;162;254;85;872;86;103;192;130;50;0;29;26;95;260;123;80;20;171;56;0;0;0;0;0;11;0;0;0;0;0;0;0;0;0;0;0;0;21;0;0;0;0;0;0;0;0;0;0;0
"H061";58;133;280;109;15;201;73;95;113;86;100;232;135;473;110;75;342;97;13;0;31;36;66;160;106;127;61;89;62;0;0;0;0;0;0;0;0;0;0;0;0;0;0;0;0;0;0;0;0;0;0;0;0;0;0;0;0;0;0
"H054";41;81;157;47;14;141;77;19;43;82;78;265;75;615;174;100;188;98;5;0;16;24;101;208;117;114;8;204;52;0;0;0;0;0;11;11;0;0;0;0;0;0;0;0;0;0;0;11;0;0;0;0;0;0;0;0;0;0;0
"H080";52;114;176;83;10;79;51;71;78;65;55;262;145;501;108;87;255;93;32;10;21;28;29;187;72;103;108;117;74;6;0;0;0;0;8;20;0;7;11;0;8;0;0;0;0;0;0;0;0;0;0;0;0;0;0;0;0;0;0
"H071";42;72;131;58;13;99;60;68;60;62;51;241;103;545;97;71;278;87;13;0;15;21;73;146;72;78;45;71;71;0;2;0;0;0;0;8;0;5;0;0;0;0;0;0;0;0;0;0;0;0;0;0;0;0;0;0;0;0;0
"H072";61;121;195;100;9;114;65;61;93;97;65;189;123;577;139;62;328;95;9;0;22;38;64;162;86;68;56;61;78;0;0;0;0;0;8;12;0;0;0;0;0;0;0;0;0;0;0;0;0;0;0;0;0;0;0;0;0;0;0
"H043";56;69;160;63;11;96;84;84;100;84;61;201;125;514;84;111;236;74;21;0;12;24;44;111;43;157;39;76;96;0;1;4;0;0;0;5;0;0;0;0;0;0;0;0;0;0;0;0;0;0;0;0;0;0;0;0;0;0;0
"H076";0;0;0;0;0;0;0;0;0;0;0;0;0;0;0;0;0;0;0;0;0;0;0;0;0;0;0;0;0;0;0;0;0;0;0;0;0;0;0;0;0;0;0;0;0;0;0;0;0;0;0;0;0;0;0;0;0;0;0
"H073";18;54;77;35;11;50;36;64;66;35;7;275;112;400;79;75;179;51;12;2;14;20;33;114;26;91;53;143;68;0;2;0;0;0;6;13;0;0;0;0;0;3;0;0;0;0;0;0;0;0;0;0;0;0;0;0;0;0;0
"H075";47;93;152;55;19;98;81;67;71;78;58;221;106;543;127;76;296;75;15;0;28;25;72;144;114;77;74;100;63;0;0;0;0;0;6;11;0;4;0;0;0;0;0;0;0;1;0;0;0;0;0;0;0;0;0;0;0;0;0
"H095";20;50;60;52;12;32;19;18;29;28;31;184;95;674;105;151;126;133;67;8;15;23;49;257;78;62;23;237;94;2;7;4;0;0;1;13;3;3;7;1;5;7;0;0;0;0;0;0;1;4;0;0;0;0;0;0;0;0;0
"H058";12;89;124;42;21;63;52;49;53;42;31;233;103;438;88;58;238;66;10;0;10;13;50;133;49;134;14;91;64;1;0;0;0;0;4;5;0;1;0;0;0;0;0;0;0;2;0;0;0;0;0;0;0;0;0;0;0;0;0
"H048";51;122;254;110;22;162;100;90;98;77;69;286;87;342;81;50;309;94;12;0;21;15;95;93;109;97;34;59;33;0;0;0;0;0;0;0;0;0;0;0;0;0;0;0;0;0;0;0;0;0;0;0;0;0;0;0;0;0;0
"H051";65;97;161;78;22;94;84;79;89;100;78;219;147;478;106;93;275;86;34;0;38;25;49;130;64;86;92;105;92;0;0;9;0;0;0;10;0;2;0;0;0;0;0;0;0;0;0;0;0;0;0;0;0;0;0;0;0;0;0
"H044";151;142;247;174;0;204;156;80;162;161;126;269;179;447;117;85;328;103;36;0;41;47;120;200;131;73;88;96;77;0;0;0;0;0;0;0;0;0;0;0;0;0;0;0;0;0;0;0;0;0;0;0;0;0;0;0;0;0;0
"H077";22;76;168;79;22;104;53;67;90;62;46;260;91;362;85;58;330;73;10;0;24;23;50;115;52;97;51;67;55;7;0;0;0;0;6;6;0;0;0;0;0;0;0;0;0;0;0;0;0;0;0;0;0;0;0;0;0;0;0
"H045";115;115;215;126;0;154;140;151;237;110;176;273;191;553;79;45;169;46;0;0;0;0;25;182;23;96;15;168;113;0;0;0;0;0;0;0;0;0;0;0;0;0;0;0;0;0;0;0;0;0;0;0;0;0;0;0;0;0;0
"H091";79;130;209;117;35;172;108;83;88;81;34;169;211;403;86;127;345;90;32;0;38;67;38;177;105;129;177;76;59;0;8;0;0;0;0;25;8;16;12;0;8;0;0;0;0;0;0;0;0;0;0;0;0;0;0;0;0;0;0
"H049";92;78;230;92;7;136;92;96;162;82;78;303;172;426;77;74;228;65;7;0;15;22;40;112;54;113;47;92;63;0;0;0;0;0;0;0;0;0;0;0;0;0;0;0;0;0;0;0;0;0;0;0;0;0;0;0;0;0;0
"H053";33;77;177;41;11;107;89;50;40;85;102;257;59;545;187;73;198;93;13;0;8;14;63;181;52;82;4;141;66;0;0;0;0;0;8;5;0;0;0;0;0;0;0;0;0;0;0;12;0;0;0;0;0;0;0;0;0;0;0
"H042";12;70;81;41;22;40;13;17;18;55;41;159;77;540;144;119;157;128;68;10;23;40;60;275;136;131;18;123;49;3;11;8;7;3;9;17;11;11;26;10;6;10;5;4;5;1;1;0;0;0;0;0;0;0;0;0;0;0;0
"H055";11;77;120;50;21;56;40;26;31;53;49;210;56;630;162;135;229;104;53;8;16;28;61;183;82;89;17;144;53;0;12;10;0;0;10;11;3;2;6;0;2;10;0;3;0;0;0;0;0;0;0;0;0;0;0;0;0;0;0
"H057";40;60;151;43;13;86;56;58;65;34;55;226;120;395;97;86;252;69;15;6;4;15;47;122;49;90;27;116;65;0;5;0;0;0;7;7;0;2;0;0;0;0;0;0;0;0;0;0;0;0;0;0;0;0;0;0;0;0;0
"H046";60;70;203;72;15;126;73;76;80;82;82;202;136;378;85;51;238;92;0;0;14;20;75;155;101;123;33;57;80;5;0;0;0;0;2;10;0;3;0;0;0;0;0;0;0;0;0;0;0;0;0;0;0;0;0;0;0;0;0
"H041";71;115;227;84;16;123;91;80;146;61;61;239;149;401;131;94;341;99;6;10;14;22;66;134;87;85;37;69;64;0;0;0;0;0;0;0;0;0;0;0;0;0;0;0;0;0;0;0;0;0;0;0;0;0;0;0;0;0;0
