"";"x29";"x33";"x34";"x45";"x48";"x71";"x96";"x106";"x109";"x141";"x146";"x169";"x170";"x180";"x192";"x228";"x229";"x254";"x280";"x281";"x290";"x292";"x306";"x360";"x380";"x386";"x453";"x480";"x482";"x508";"x539";"x559";"x653";"x746";"x765";"x776";"x779";"x783";"x784";"x785";"x789";"x896";"x966";"x1192";"x1518";"x1617";"x1634";"x1843";"x1854";"x1984";"x2218";"x2330";"x2406";"x2522";"x2528";"x2569"
"H172";73;46;91;251;35;0;39;48;22;36;0;40;9;0;45;36;0;0;19;303;18;17;14;0;17;0;252;173;142;67;307;144;72;0;224;0;29;121;14;30;550;148;23;104;897;64;660;115;115;53;134;86;182;151;450;134
"H173";58;36;64;266;31;0;38;21;17;23;9;35;11;9;24;18;0;9;40;334;6;6;7;4;7;0;302;123;83;51;285;128;98;0;257;11;22;120;4;24;591;240;29;22;978;32;532;123;198;94;131;63;147;134;452;114
"H176";51;0;64;276;0;0;34;37;0;0;0;0;0;0;0;10;0;9;26;467;0;0;0;0;0;0;244;127;97;68;360;145;98;0;223;0;0;124;0;19;616;251;14;68;1183;23;626;156;182;96;145;155;208;153;469;148
"H166";52;9;56;262;10;0;15;17;0;0;0;0;0;0;0;68;0;21;30;584;0;0;0;0;0;0;159;81;145;61;227;143;116;0;244;6;27;122;0;34;836;217;28;64;1374;28;468;111;131;63;105;81;103;99;398;163
"H167";112;12;96;373;16;0;20;69;0;0;0;0;0;0;0;37;0;24;23;196;0;0;0;0;0;0;346;231;167;83;400;127;79;0;397;0;23;153;0;25;678;136;39;63;484;87;512;93;225;46;183;118;170;118;449;44
"H170";127;146;128;202;103;0;99;78;53;140;70;283;50;43;192;57;0;0;23;191;52;77;63;40;46;69;147;86;81;54;182;89;41;0;124;0;0;123;0;0;432;96;0;47;837;0;171;72;49;82;32;76;82;38;71;56
"H179";82;11;63;176;8;0;23;24;0;0;0;5;0;0;5;54;0;10;20;478;0;0;0;0;0;0;181;119;160;50;223;114;150;0;261;4;37;183;2;41;1053;194;35;41;1315;29;288;107;123;153;80;82;156;97;254;155
"H161";87;36;100;259;47;0;32;41;15;11;4;24;4;0;34;56;0;8;16;415;13;7;0;4;0;0;188;105;154;46;245;141;113;0;232;9;24;139;0;19;893;155;14;77;1240;37;399;89;106;87;94;76;135;80;289;149
"H169";85;35;72;268;21;0;24;43;8;11;6;30;7;0;24;47;0;15;39;593;6;0;0;0;2;0;115;91;143;43;216;91;103;0;295;8;36;86;9;38;1021;231;18;22;1110;43;430;111;125;69;91;45;136;90;320;52
"H175";137;0;91;354;0;0;0;69;0;0;0;0;0;0;0;0;0;0;45;396;0;0;0;0;0;0;381;312;246;150;445;165;90;0;286;0;0;220;0;0;838;154;0;205;1159;59;468;99;120;131;52;102;174;113;386;205
"H180";79;13;55;240;8;0;33;45;0;13;8;17;0;0;27;101;0;14;21;512;11;0;0;0;0;0;126;115;172;33;265;104;105;0;324;6;35;125;5;56;1053;205;36;34;1041;52;435;124;137;81;106;71;140;96;320;77
"H165";24;6;43;215;10;0;18;25;0;0;0;0;0;0;0;2;0;0;11;414;0;0;0;0;0;0;259;91;113;65;283;215;63;0;249;5;21;103;0;41;602;219;37;49;1320;41;488;116;198;125;103;88;198;142;384;220
"H174";88;33;75;207;17;0;34;34;0;4;0;6;0;0;18;96;0;20;33;476;0;6;0;0;0;0;154;79;159;67;211;81;116;0;321;7;23;157;2;32;1133;128;21;51;1097;79;442;68;155;81;102;60;165;97;313;132
"H171";86;72;126;251;36;0;62;56;23;47;9;55;12;10;42;55;0;26;22;319;18;14;19;12;9;11;156;134;152;74;258;141;104;0;246;0;16;121;0;39;777;118;38;68;1081;55;387;79;109;74;78;82;202;108;299;106
"H162";87;22;89;257;12;0;30;35;7;5;0;7;0;0;11;82;0;23;36;490;0;0;0;0;0;0;189;129;156;46;221;175;119;0;235;8;31;123;10;50;950;140;31;53;1259;33;444;70;110;94;86;75;172;81;326;105
"H168";63;24;86;262;13;0;14;40;0;0;0;0;0;0;20;21;0;11;26;386;0;0;0;0;0;0;158;150;144;64;278;170;113;0;339;8;29;127;0;41;719;226;36;84;1126;59;335;84;126;98;92;59;199;94;295;65
"H177";53;15;70;188;4;0;13;30;0;0;0;0;0;0;0;8;0;11;24;552;0;0;0;0;0;0;173;86;141;51;224;100;93;0;273;13;36;134;4;69;1048;173;15;31;1268;91;421;97;158;107;82;59;211;118;366;90
"H164";93;25;74;196;0;0;19;79;0;0;0;0;0;0;0;53;0;24;62;669;0;0;0;0;0;0;174;108;216;60;351;125;96;0;284;0;21;145;0;11;825;164;22;89;1458;70;419;65;89;63;82;61;188;65;325;123
"H159";197;58;125;295;77;0;76;73;50;67;0;79;19;15;122;411;18;43;160;741;46;27;29;0;16;0;106;182;237;71;300;78;145;35;355;20;40;126;68;70;799;149;36;96;282;45;79;96;32;0;65;36;32;0;40;0
"H163";67;7;58;186;8;0;15;15;0;0;0;0;0;0;9;91;0;21;19;367;0;0;0;0;0;0;115;55;140;71;158;91;98;4;301;11;45;123;14;31;1215;171;34;34;1107;57;320;106;128;90;80;66;138;55;226;108
"H153";89;17;76;201;23;0;16;19;0;0;0;0;0;0;24;241;2;60;79;548;13;3;0;0;0;0;64;63;178;29;146;80;105;13;467;24;42;109;56;105;1314;188;45;3;517;82;189;95;102;17;77;36;71;25;111;16
"H148";107;37;69;168;21;0;28;31;5;11;1;24;1;0;32;155;3;52;81;595;4;6;8;0;2;0;82;84;152;44;202;81;116;8;393;13;40;120;32;81;955;225;43;45;801;71;213;129;81;20;70;37;114;49;238;24
"H158";214;100;134;158;71;0;53;59;49;98;41;121;19;16;93;455;0;20;74;436;28;24;26;39;31;17;49;105;295;41;181;36;110;25;324;13;30;62;31;117;1467;84;44;64;401;23;36;83;25;0;32;15;20;0;16;0
"H143";130;38;129;299;16;0;23;26;0;0;0;0;0;0;25;379;0;37;120;627;13;0;0;0;0;0;107;137;189;65;232;91;129;32;595;33;70;108;43;198;1282;186;73;37;421;63;83;124;44;0;64;26;64;15;47;0
"H152";161;28;148;271;12;0;33;38;0;0;0;0;0;0;0;343;0;50;80;520;0;0;0;0;0;0;138;192;285;73;255;81;145;0;537;0;66;105;59;110;1411;196;53;93;487;69;152;121;60;0;42;13;70;23;121;0
"H145";166;95;104;133;100;0;90;57;49;79;67;143;47;42;173;225;11;31;49;332;42;32;46;40;38;39;67;98;122;24;152;64;95;12;266;22;34;81;34;60;612;94;41;0;278;66;60;62;57;0;51;32;35;19;55;8
"H149";186;41;93;218;36;0;38;54;23;16;15;27;9;0;24;292;0;37;130;548;14;30;0;10;0;7;60;147;227;43;194;82;96;21;407;13;42;88;60;110;1427;161;50;42;602;109;148;115;78;14;63;41;70;24;129;0
"H154";141;24;128;216;18;0;18;41;0;0;0;0;0;0;28;384;0;31;155;540;21;12;0;0;0;0;81;118;191;37;190;78;153;19;424;18;65;175;53;95;1214;119;55;52;476;131;117;56;73;13;71;22;76;11;62;0
"H157";198;111;140;161;88;0;68;72;52;90;35;152;41;12;118;283;11;61;47;395;78;29;42;29;31;28;42;91;178;34;136;44;94;26;242;45;53;97;42;82;820;88;33;60;219;47;28;62;36;0;19;7;32;0;17;0
"H142";169;0;120;335;0;0;21;0;0;0;0;0;0;0;0;348;0;26;83;569;13;0;0;0;0;0;80;137;399;44;188;105;185;40;514;0;59;72;50;174;1806;147;13;61;491;18;47;81;48;0;54;30;56;0;29;0
"H147";119;60;97;222;55;0;36;59;13;20;10;31;0;6;42;212;0;24;60;513;13;31;8;10;0;0;77;105;235;70;208;68;79;0;449;12;37;119;30;100;1186;161;50;37;635;111;190;104;75;22;51;16;123;46;130;28
"H160";250;61;129;267;22;0;53;60;0;17;0;22;0;0;42;306;0;85;93;549;0;27;0;0;0;0;121;199;225;92;241;85;159;0;386;0;45;166;32;136;985;182;54;108;423;96;79;75;50;0;60;20;47;0;50;0
"H141";185;32;155;177;10;0;20;43;0;0;0;0;0;0;39;392;0;60;84;488;10;27;0;0;0;0;72;130;258;36;204;77;126;29;468;37;68;223;79;133;1279;107;60;75;286;157;83;102;47;0;52;15;54;0;19;0
"H155";234;41;163;242;15;0;47;48;0;0;0;0;0;0;24;429;0;73;82;403;15;63;0;0;0;0;54;213;210;48;191;124;156;26;436;37;39;172;57;179;1141;157;46;72;376;166;51;59;36;20;47;25;60;0;46;0
"H139";195;106;127;182;41;0;45;28;0;0;8;0;23;11;154;421;28;71;132;449;27;37;18;106;0;0;45;111;162;28;132;66;116;100;282;243;150;190;85;90;544;91;112;17;100;45;37;92;34;0;34;17;11;0;0;0
"H127";108;50;99;169;33;0;17;15;0;0;8;0;3;0;134;327;6;55;77;485;44;98;2;26;0;0;29;84;96;25;125;87;84;106;297;130;111;177;116;153;406;88;125;27;88;115;17;107;57;8;83;14;19;8;0;0
"H128";126;44;79;138;19;0;31;17;7;2;15;3;18;11;131;311;30;52;100;375;34;61;23;184;0;0;25;75;82;31;77;55;112;149;299;303;188;164;118;144;480;53;131;18;67;46;7;54;26;14;47;5;7;0;0;0
"H123";194;108;111;177;48;0;42;10;8;16;11;13;6;0;225;466;25;51;232;836;46;64;9;82;0;0;37;106;83;31;96;58;103;163;174;284;180;212;131;101;367;50;121;28;121;78;0;123;30;0;42;6;5;0;0;0
"H138";203;33;102;125;28;0;34;14;0;0;13;0;43;0;103;462;21;40;132;463;53;56;14;119;0;0;22;65;82;28;82;40;127;109;275;251;167;168;118;184;613;56;84;23;104;41;10;97;30;9;23;6;3;0;0;0
"H131";130;132;111;91;25;0;32;12;5;5;4;1;12;3;290;375;18;56;173;538;31;67;18;66;0;0;16;55;33;22;74;60;75;169;186;270;167;258;134;115;213;51;162;16;51;100;2;78;41;0;47;12;6;0;0;0
"H124";141;91;115;108;35;0;45;22;9;32;33;18;41;12;215;231;36;67;203;506;47;37;31;120;0;5;29;64;52;35;80;67;108;160;185;362;164;114;186;110;211;57;131;12;45;40;0;69;27;0;20;8;0;0;0;0
"H140";141;81;100;108;11;0;36;23;3;1;13;0;49;0;166;326;13;65;86;333;29;102;9;85;0;0;25;88;61;21;56;71;88;123;313;232;165;233;137;127;271;68;136;25;42;75;8;77;33;3;43;5;2;0;0;0
"H132";161;78;132;129;33;0;49;14;4;9;12;0;14;2;160;376;15;86;116;434;43;67;11;53;0;0;29;76;78;33;63;47;151;144;214;277;173;153;101;121;465;76;122;35;101;63;30;91;33;19;32;6;8;0;13;0
"H133";129;103;86;98;51;0;59;40;22;63;55;88;51;16;264;246;51;63;188;317;64;38;67;146;40;20;22;51;18;12;27;26;91;146;127;222;109;156;98;68;105;40;67;0;17;48;14;66;11;0;7;1;0;0;0;0
"H130";182;67;95;150;31;0;24;17;0;0;0;0;17;0;127;394;9;43;101;465;37;58;10;54;0;0;43;82;84;23;104;98;131;122;406;243;172;186;207;198;430;126;158;26;126;72;17;149;54;11;59;8;10;6;5;0
"H129";156;110;106;111;81;0;102;38;12;10;44;0;46;8;273;291;57;84;197;461;48;37;86;192;0;7;19;78;39;16;65;53;89;157;153;297;137;214;141;104;207;53;102;24;13;69;4;69;14;0;9;0;0;0;0;0
"H136";175;76;84;113;55;0;45;17;5;9;28;4;23;5;206;270;27;68;110;290;28;99;22;126;0;0;19;72;45;30;49;76;82;141;278;319;182;192;188;144;242;64;154;22;44;51;6;51;30;3;47;5;3;0;0;0
"H121";137;93;61;112;54;0;43;34;15;58;54;99;43;26;181;269;22;28;104;370;64;57;35;103;23;21;16;53;61;13;55;32;105;103;175;264;127;154;118;90;316;38;58;0;68;21;12;32;17;6;20;9;0;0;0;0
"H137";139;85;99;90;47;0;28;19;7;9;19;0;29;11;221;320;26;52;134;383;41;100;17;112;0;0;16;80;55;27;35;36;86;141;156;348;177;200;174;136;190;69;162;6;52;64;1;54;32;5;23;2;2;0;0;0
"H125";97;67;86;88;27;0;18;16;6;12;30;1;40;1;231;327;20;68;129;416;29;76;25;121;0;0;11;47;21;21;10;60;88;149;226;336;148;223;135;99;165;48;107;5;38;66;0;38;18;9;29;4;0;0;0;0
"H135";155;85;77;94;28;0;54;15;13;36;64;40;43;17;238;274;49;30;184;424;50;52;56;172;8;12;15;56;23;18;40;44;68;145;138;411;161;176;190;96;141;64;103;6;25;17;6;48;11;0;20;5;0;0;0;0
"H119";118;111;63;71;44;0;51;25;11;10;85;15;45;33;287;236;115;168;153;372;60;34;64;283;0;4;19;52;21;19;31;22;78;108;93;267;131;150;119;55;101;20;57;7;15;26;12;37;11;3;14;0;0;0;0;0
"H122";125;93;90;94;61;0;55;43;15;44;59;27;51;6;216;231;60;148;156;346;63;76;37;148;12;5;19;48;46;14;58;52;85;98;159;319;150;186;147;70;197;50;91;10;26;45;10;42;18;0;16;7;0;0;0;0
"H134";103;132;93;97;33;0;41;21;16;40;31;77;43;34;240;294;32;56;122;399;43;101;45;141;16;19;17;66;64;16;55;55;80;91;142;259;122;169;106;95;227;66;89;7;56;29;7;60;26;4;18;0;4;0;0;0
"H107";115;146;104;84;95;0;51;29;6;15;42;7;34;23;513;189;99;151;189;308;47;56;52;199;0;5;10;62;21;20;68;15;60;141;124;245;123;189;163;57;77;22;92;16;28;74;12;36;16;3;27;0;0;0;0;0
"H109";119;112;62;79;61;0;53;36;25;46;52;91;43;24;237;287;70;74;176;324;84;72;40;176;23;12;16;46;24;7;39;44;72;118;113;162;130;154;100;56;116;41;63;0;23;28;3;61;19;0;13;0;0;0;0;0
"H110";85;126;54;77;46;0;53;35;15;32;50;63;68;29;276;275;85;106;136;288;83;61;60;177;5;11;20;45;27;19;39;24;76;87;139;184;104;142;99;55;111;41;52;8;24;30;9;25;6;1;19;2;0;0;0;0
"H126";220;88;144;148;66;0;40;63;0;0;0;0;12;0;124;357;12;98;129;417;62;124;10;124;0;0;41;152;85;41;144;34;132;150;268;253;163;274;171;171;377;65;91;29;70;107;16;117;17;0;30;8;0;0;0;0
"H114";288;218;169;109;115;87;86;88;35;9;81;7;50;26;449;198;98;81;199;300;57;121;76;302;0;0;0;127;58;25;55;0;77;122;98;239;119;244;143;67;72;18;77;26;27;32;0;38;0;0;0;0;0;0;0;0
"H115";149;189;68;55;69;0;100;39;35;36;103;100;54;90;498;214;137;35;189;236;145;112;96;273;11;30;2;38;9;15;28;10;50;84;65;133;55;100;80;18;2;13;21;0;8;21;3;11;0;0;5;0;0;0;0;0
"H103";116;201;88;66;90;0;67;48;14;12;56;5;43;17;621;203;110;99;227;336;77;61;65;253;0;3;11;48;11;20;28;15;72;111;95;186;80;216;181;49;80;34;38;13;16;29;9;29;0;0;5;0;0;0;0;0
"H113";166;186;125;109;81;8;98;58;28;27;69;43;53;59;437;202;131;101;148;232;112;80;101;297;6;18;0;48;12;23;33;21;86;99;84;189;87;136;143;42;22;27;16;15;16;22;8;18;0;0;0;0;0;0;0;0
"H106";102;178;36;63;57;0;80;32;14;10;109;10;52;29;406;140;107;137;145;208;54;54;89;265;1;9;7;50;31;17;19;11;67;100;89;226;97;167;224;38;86;11;30;0;15;40;8;17;6;0;4;0;0;0;0;0
"H116";150;188;66;82;77;0;94;32;15;23;125;16;36;47;466;215;124;155;189;299;72;48;124;245;7;11;9;31;6;21;20;18;52;81;52;208;102;147;162;32;36;24;20;0;16;25;10;21;0;0;2;0;0;0;0;0
"H101";168;201;96;108;107;0;91;35;15;15;97;26;51;36;432;204;123;116;204;384;94;95;85;216;0;9;12;55;39;21;33;22;65;118;85;171;121;145;149;63;39;31;40;13;37;32;8;20;12;0;0;0;0;0;0;0
"H111";223;197;150;99;151;29;163;64;48;42;140;126;78;94;626;226;148;37;148;201;175;171;115;253;14;23;8;42;20;25;23;18;28;90;73;144;60;121;106;19;13;9;15;22;12;34;0;11;0;0;0;0;0;0;0;0
"H120";106;147;91;49;60;0;52;47;15;8;43;14;45;16;807;146;67;89;138;193;69;98;65;137;0;6;1;40;12;5;15;5;31;60;91;94;46;158;101;17;22;9;18;3;13;59;8;7;0;0;0;0;0;0;0;0
"H104";121;158;72;55;66;0;65;32;17;24;89;42;50;49;427;175;81;80;174;234;111;149;93;221;9;20;9;49;10;12;14;15;56;94;69;202;83;126;181;30;38;19;38;0;14;40;1;27;3;0;3;0;0;0;0;0
"H117";142;197;93;60;91;0;101;40;22;20;85;70;60;76;551;144;117;24;146;165;161;187;122;255;3;23;1;32;14;7;18;8;42;89;70;132;67;113;97;13;15;12;22;0;6;26;0;6;0;0;0;0;0;0;0;0
"H105";105;145;117;54;82;0;105;54;38;52;139;131;83;83;461;137;122;32;136;124;149;108;101;341;20;41;0;61;12;19;13;4;32;65;51;93;51;99;143;11;7;7;13;0;0;43;0;7;0;0;0;0;0;0;0;0
"H102";114;192;72;79;72;0;92;38;3;30;109;57;66;80;500;145;114;37;187;157;166;136;124;236;4;26;5;34;11;15;18;14;44;95;64;101;56;117;114;18;13;10;12;0;13;19;7;16;0;0;0;0;0;0;0;0
"H087";123;190;99;56;94;0;61;63;26;50;109;125;63;107;438;134;86;57;141;179;166;112;131;231;17;23;7;31;18;15;26;0;53;30;51;94;41;83;49;21;39;14;9;0;0;18;7;7;5;0;0;0;0;0;0;0
"H089";69;93;65;29;81;0;50;52;10;163;121;435;50;97;389;110;45;6;60;67;202;195;95;134;57;75;1;12;1;2;0;9;9;14;19;11;3;11;4;4;0;0;0;0;5;0;0;0;0;0;0;0;0;0;0;0
"H100";103;164;85;48;94;3;52;36;35;57;144;185;51;97;478;143;94;63;106;119;219;71;90;146;26;44;4;20;10;6;24;8;36;38;42;54;41;47;16;7;13;9;6;0;10;5;8;4;3;0;0;0;0;0;0;0
"H093";82;77;65;32;65;0;33;58;27;56;72;252;84;112;199;143;145;42;73;108;243;217;82;42;51;31;7;25;15;5;3;13;24;50;15;49;15;57;32;10;21;5;0;0;7;12;3;4;0;0;0;0;0;0;0;0
"H097";67;126;90;36;66;0;68;43;29;82;125;187;81;84;411;118;63;32;117;95;160;98;108;129;42;31;6;21;7;9;7;5;25;29;21;44;18;52;35;4;4;3;1;0;13;6;2;0;0;0;0;0;0;0;0;0
"H094";51;51;33;32;26;0;13;36;27;73;110;350;95;154;222;172;173;52;57;84;253;112;102;51;58;36;7;17;6;7;8;14;18;29;17;51;29;42;19;7;6;13;0;0;5;12;5;6;0;4;0;0;0;0;0;0
"H092";101;161;70;52;94;0;23;69;44;69;71;250;87;116;337;181;132;34;71;94;280;264;108;48;35;31;5;30;22;7;14;24;18;27;56;73;27;69;46;10;14;26;7;0;5;23;7;4;3;0;0;0;0;0;0;0
"H096";82;125;64;18;47;14;31;55;39;158;146;547;56;105;297;104;31;5;47;37;208;127;94;122;33;75;5;10;6;0;2;2;12;2;11;20;6;14;10;0;0;0;0;0;2;0;1;0;0;0;0;0;0;0;0;0
"H085";77;151;64;33;37;0;34;37;27;144;149;261;82;108;453;91;63;13;88;77;215;123;85;120;20;72;3;12;6;2;0;5;22;23;14;17;9;19;24;2;0;0;0;0;7;0;0;0;0;0;0;0;0;0;0;0
"H098";63;93;54;22;39;0;35;50;24;140;182;359;81;94;342;91;49;4;61;47;189;159;80;193;75;59;2;7;2;2;3;5;19;14;7;23;12;15;11;2;0;0;0;0;6;2;0;0;0;0;0;0;0;0;0;0
"H069";114;115;67;37;53;30;66;54;26;120;153;326;75;112;332;137;70;16;70;84;182;114;99;166;51;56;5;30;9;7;8;3;44;12;14;30;17;24;7;5;10;2;0;0;9;0;0;0;0;0;0;0;0;0;0;0
"H070";85;107;61;29;72;15;57;69;39;129;128;343;77;106;316;85;49;13;39;47;171;93;74;148;31;52;8;9;7;3;2;2;22;11;23;25;7;11;7;0;6;0;0;0;0;7;1;0;0;0;0;0;0;0;0;0
"H067";121;137;88;55;90;0;89;54;35;97;139;253;93;113;396;142;98;27;106;142;182;109;109;165;24;53;6;24;15;10;9;8;37;30;46;39;13;18;16;10;8;3;7;0;0;0;0;0;0;0;0;0;0;0;0;0
"H078";70;154;80;24;156;72;46;95;85;161;48;614;114;68;431;94;26;0;27;21;162;168;112;37;125;47;10;0;0;0;0;21;11;0;8;0;0;0;0;0;0;0;0;0;0;0;0;0;0;0;0;0;0;0;0;0
"H079";149;220;102;45;125;84;77;95;33;126;180;320;82;126;437;150;77;16;66;94;215;103;120;163;49;42;0;15;0;6;0;1;21;16;20;50;12;19;14;0;12;0;0;0;21;0;0;0;0;0;0;0;0;0;0;0
"H063";65;128;74;25;51;12;44;45;34;219;137;383;70;92;306;114;34;7;52;35;157;105;102;122;90;47;2;4;3;0;0;7;9;1;9;7;3;2;4;0;0;0;0;0;5;0;0;0;0;0;0;0;0;0;0;0
"H062";89;149;147;26;140;105;78;136;85;178;148;602;86;86;418;69;21;0;15;18;120;59;166;103;128;91;0;0;0;0;0;0;0;0;0;0;0;0;0;0;0;0;0;0;0;0;0;0;0;0;0;0;0;0;0;0
"H090";101;122;67;19;57;31;64;57;52;196;183;603;70;136;331;98;48;2;43;48;184;113;81;211;77;85;0;7;0;0;0;7;9;2;9;17;1;8;3;0;0;0;0;0;0;0;0;0;0;0;0;0;0;0;0;0
"H068";87;184;159;15;109;113;110;91;111;255;132;696;99;75;341;81;14;0;8;8;173;82;92;83;74;162;0;0;0;0;0;10;5;0;0;0;0;0;0;0;0;0;0;0;0;0;0;0;0;0;0;0;0;0;0;0
"H081";111;142;82;15;125;59;81;83;71;180;189;437;68;98;343;103;53;0;31;60;166;141;91;131;82;81;0;10;0;4;0;5;11;0;0;11;0;6;8;0;0;0;0;0;0;0;0;0;0;0;0;0;0;0;0;0
"H086";76;86;63;22;39;0;40;57;27;127;97;433;114;82;508;88;36;8;64;40;218;176;75;157;58;54;7;9;2;0;0;6;6;9;14;9;3;7;7;0;0;0;0;0;0;0;0;0;0;0;0;0;0;0;0;0
"H065";137;233;107;25;159;120;67;112;88;252;109;672;112;82;394;122;27;0;27;33;261;117;102;123;41;89;0;0;0;0;0;0;22;0;0;0;0;0;0;0;0;0;0;0;0;0;0;0;0;0;0;0;0;0;0;0
"H074";109;210;92;18;124;75;61;80;69;195;177;659;84;102;326;125;47;4;23;36;130;53;103;143;216;74;0;0;0;0;0;0;11;0;0;0;0;0;0;0;0;0;0;0;0;0;0;0;0;0;0;0;0;0;0;0
"H099";130;139;103;20;124;108;116;110;71;213;167;464;96;91;289;103;37;0;38;52;160;144;144;125;93;100;0;8;0;0;0;0;9;0;8;15;0;0;0;0;0;0;0;0;0;0;0;0;0;0;0;0;0;0;0;0
"H056";117;158;122;0;228;200;54;145;150;229;92;836;103;91;207;127;55;0;20;31;265;114;97;23;163;61;0;0;0;0;0;11;0;0;0;0;0;0;0;0;0;0;0;35;0;0;0;0;0;0;0;0;0;0;0;0
"H061";130;277;123;12;183;95;120;76;115;242;144;449;109;85;359;92;21;0;19;28;159;96;143;56;93;72;0;0;0;0;0;0;0;0;0;0;0;0;0;0;0;0;0;0;0;0;0;0;0;0;0;0;0;0;0;0
"H054";78;122;54;17;142;66;49;79;82;280;91;595;191;112;178;91;15;0;21;37;205;114;124;2;232;58;0;0;0;0;0;8;7;0;0;0;0;0;0;0;0;0;0;9;0;0;0;0;0;0;0;0;0;0;0;0
"H080";99;186;83;14;80;69;79;67;59;278;144;500;91;65;266;85;27;12;27;27;197;72;110;108;115;79;4;0;0;0;0;5;17;0;5;5;0;7;0;0;0;0;0;0;0;0;0;0;0;0;0;0;0;0;0;0
"H071";93;133;57;11;99;77;67;52;55;222;116;503;97;75;285;78;11;0;24;19;149;61;79;50;63;55;0;4;0;0;0;0;9;0;6;0;0;0;0;0;0;0;0;0;0;0;0;0;0;0;0;0;0;0;0;0
"H072";114;236;87;16;137;62;83;106;60;190;141;573;160;73;332;97;10;0;18;40;139;68;71;72;75;63;0;0;0;0;0;5;6;0;0;0;0;0;0;0;0;0;0;0;0;0;0;0;0;0;0;0;0;0;0;0
"H043";83;166;69;8;89;66;100;85;69;214;136;554;86;109;209;77;18;0;13;32;109;42;150;37;81;105;0;3;2;0;0;0;9;0;0;0;0;0;0;0;0;0;0;0;0;0;0;0;0;0;0;0;0;0;0;0
"H076";0;0;0;0;0;0;0;0;0;0;0;0;0;0;0;0;0;0;0;0;0;0;0;0;0;0;0;0;0;0;0;0;0;0;0;0;0;0;0;0;0;0;0;0;0;0;0;0;0;0;0;0;0;0;0;0
"H073";72;84;43;3;57;30;69;15;24;265;101;431;55;67;174;51;9;0;10;21;136;29;81;40;128;100;0;2;0;0;0;4;11;0;3;0;0;0;3;0;0;0;0;0;0;0;0;0;0;0;0;0;0;0;0;0
"H075";100;165;68;21;95;74;87;55;45;188;117;548;116;83;315;90;14;0;22;25;174;116;87;79;70;65;0;0;0;0;0;7;7;0;3;0;0;0;0;0;0;0;0;0;0;0;0;0;0;0;0;0;0;0;0;0
"H095";58;57;41;7;34;20;24;33;33;213;96;706;107;151;130;126;58;8;19;20;220;87;54;25;265;86;4;7;4;0;0;6;12;4;2;9;0;5;5;0;0;0;0;0;3;1;0;0;0;0;0;0;0;0;0;0
"H058";88;131;43;25;78;57;59;48;48;235;118;403;113;75;231;68;4;0;11;20;157;51;126;19;102;60;2;0;0;0;0;5;6;0;2;0;0;0;0;0;0;0;0;0;0;0;0;0;0;0;0;0;0;0;0;0
"H048";117;265;133;22;130;97;113;88;67;261;92;341;87;39;299;74;15;0;16;21;108;105;98;31;77;44;0;0;0;0;0;0;0;0;0;0;0;0;0;0;0;0;0;0;0;0;0;0;0;0;0;0;0;0;0;0
"H051";104;169;92;28;95;73;70;100;63;240;131;446;93;96;315;96;38;0;26;25;137;76;81;80;109;95;0;0;7;0;0;0;23;0;5;0;0;0;0;0;0;0;0;0;0;0;0;0;0;0;0;0;0;0;0;0
"H044";158;219;167;0;211;142;166;151;139;265;195;442;118;85;340;91;22;0;39;45;157;110;82;80;85;59;0;0;0;0;0;0;0;0;0;0;0;0;0;0;0;0;0;0;0;0;0;0;0;0;0;0;0;0;0;0
"H077";83;180;75;23;95;46;71;46;58;241;119;401;113;77;323;75;9;0;19;21;147;48;103;60;70;57;5;0;0;0;0;4;8;0;0;0;0;0;0;0;0;0;0;0;0;0;0;0;0;0;0;0;0;0;0;0
"H045";117;191;132;0;153;149;265;114;176;309;152;579;84;52;164;48;0;0;0;0;175;23;102;19;167;98;0;0;0;0;0;0;0;0;0;0;0;0;0;0;0;0;0;0;0;0;0;0;0;0;0;0;0;0;0;0
"H091";128;236;113;32;157;96;83;79;50;161;178;428;86;120;339;104;29;0;42;69;188;88;120;166;79;62;0;6;0;0;0;0;26;8;10;16;0;8;0;0;0;0;0;0;0;0;0;0;0;0;0;0;0;0;0;0
"H049";83;211;90;8;129;123;136;94;70;279;182;433;95;77;232;78;8;0;9;20;112;60;118;49;80;86;0;0;0;0;0;0;0;0;0;0;0;0;0;0;0;0;0;0;0;0;0;0;0;0;0;0;0;0;0;0
"H053";81;169;56;10;107;89;46;71;71;247;64;523;186;69;206;116;4;0;10;12;186;60;90;3;152;61;0;0;0;0;0;9;12;0;0;0;0;0;0;0;0;0;0;8;0;0;0;0;0;0;0;0;0;0;0;0
"H042";65;71;60;15;48;18;18;53;62;152;82;498;124;90;145;109;66;8;25;35;254;132;119;25;96;53;4;12;3;3;3;17;19;13;5;25;9;4;13;9;4;6;1;0;0;0;0;0;0;0;0;0;0;0;0;0
"H055";74;123;51;14;64;34;22;70;70;196;64;639;160;134;183;95;45;5;8;25;202;81;110;22;160;67;0;9;10;0;0;7;13;2;5;9;0;1;9;0;3;0;0;0;0;0;0;0;0;0;0;0;0;0;0;0
"H057";88;161;49;15;67;45;63;50;43;207;111;446;104;91;243;55;13;3;8;14;116;39;91;37;124;62;1;2;0;0;0;3;9;0;2;0;0;0;0;0;0;0;0;0;0;0;0;0;0;0;0;0;0;0;0;0
"H046";81;217;84;14;130;68;95;84;78;224;113;367;100;62;247;90;0;0;21;24;142;96;120;31;58;70;5;0;0;0;0;5;11;0;6;0;0;0;0;0;0;0;0;0;0;0;0;0;0;0;0;0;0;0;0;0
"H041";111;243;84;13;135;90;113;69;66;247;124;411;110;110;338;111;7;4;22;15;146;80;89;40;69;59;0;0;0;0;0;0;0;0;0;0;0;0;0;0;0;0;0;0;0;0;0;0;0;0;0;0;0;0;0;0
