SampleId	gtdb_r207_NR	gtdb_r207_amoA	gtdb_r207_amoB	gtdb_r207_amoC	gtdb_r207_anfD	gtdb_r207_anfG	gtdb_r207_anfH	gtdb_r207_anfK	gtdb_r207_asnB	gtdb_r207_gdhA	gtdb_r207_glnA	gtdb_r207_glsA	gtdb_r207_gltB	gtdb_r207_gltD	gtdb_r207_gltS	gtdb_r207_gudB	gtdb_r207_hao	gtdb_r207_hcp	gtdb_r207_hzo	gtdb_r207_hzsA	gtdb_r207_hzsB	gtdb_r207_hzsC	gtdb_r207_napA	gtdb_r207_napB	gtdb_r207_narB	gtdb_r207_narC	gtdb_r207_narG_nxrA	gtdb_r207_narH_nxrB	gtdb_r207_narI	gtdb_r207_narJ	gtdb_r207_nasA	gtdb_r207_nasB	gtdb_r207_nifD	gtdb_r207_nifH	gtdb_r207_nifK	gtdb_r207_nirA	gtdb_r207_nirB	gtdb_r207_nirD	gtdb_r207_nirK	gtdb_r207_nirS	gtdb_r207_nod	gtdb_r207_norB	gtdb_r207_norC	gtdb_r207_nosZ	gtdb_r207_nrfA	gtdb_r207_nrfB	gtdb_r207_nrfC	gtdb_r207_nrfD	gtdb_r207_nrfH	gtdb_r207_vnfD	gtdb_r207_vnfG	gtdb_r207_vnfH	gtdb_r207_vnfK	gtdb_r207_ureA	gtdb_r207_ureB	gtdb_r207_ureC	gtdb_r207_ureD	gtdb_r207_ureE	gtdb_r207_ureF	gtdb_r207_ureG	gtdb_r207_ureJ	read_pair_count
0_SD7449_H041_pH7	1740	30	53	63	19	0	1045	10	10583	2821	8198	1776	13852	7816	11933	4766	94	27	61	293	241	1560	4735	92	8191	2106	1711	1396	244	126	10433	5717	24	1127	17	2269	3781	177	995	148	1319	644	847	1047	1144	249	3329	115	653	15	2	1042	11	637	525	3276	673	364	616	1062	333	29733981
1_SD7450_H042_pH7	5080	156	188	274	55	1	2678	42	32319	8495	24330	3876	40482	21383	34729	15508	342	65	157	568	505	4063	11810	212	21341	6601	6841	5216	895	443	28209	14743	56	2909	57	6207	9134	481	3144	593	4260	1644	2024	3821	2431	565	10685	314	1626	36	0	2606	45	1500	1475	8714	1718	940	1754	2857	835	88559703
2_SD7451_H043_pH7	2033	39	54	65	81	0	1139	57	13240	3587	9330	1862	16267	9369	14046	6057	113	57	99	313	262	1769	5498	121	9804	2731	2380	1939	327	150	12666	6074	117	1206	97	2549	4008	199	1204	306	1538	803	1050	1587	1583	273	4767	194	932	59	2	1111	59	608	626	3796	738	414	699	1118	393	34555550
3_SD7452_H044_pH7	734	18	51	52	7	0	433	7	4705	1300	3337	666	5599	3370	4921	2082	81	15	38	147	97	739	2116	58	3539	984	744	648	111	56	4634	2397	6	462	14	943	1550	77	503	77	666	269	408	456	456	130	1454	59	293	6	1	415	7	215	219	1404	264	164	270	475	169	11859306
4_SD7453_H045_pH7	670	13	34	26	16	0	372	8	4268	1174	2777	569	4510	3024	3925	1965	38	10	24	122	90	626	1811	27	3149	801	613	559	68	21	4075	2032	17	392	7	835	1347	57	380	71	478	248	393	396	468	100	1368	59	328	14	2	361	8	187	177	1168	262	117	206	351	131	9936466
5_SD7454_H046_pH7	2350	81	135	128	21	0	1203	21	14026	3751	11100	2400	19097	10155	16339	6485	217	25	77	299	252	1942	6290	144	10840	2924	2623	1966	331	180	13874	7676	39	1279	35	2892	5072	254	1445	251	1723	814	996	1362	1626	281	4506	129	929	18	1	1182	21	781	780	4646	962	482	945	1497	486	40965374
6_SD7455_H048_pH7	1093	24	31	56	10	0	669	9	6936	1929	5572	1189	9809	5566	8571	3097	76	11	49	203	118	1110	3436	91	5767	1329	1265	913	164	90	7493	4297	16	710	15	1587	2838	125	671	115	904	421	595	707	797	180	2264	64	482	10	1	657	9	426	413	2489	552	275	471	778	276	20444556
7_SD7456_H049_pH7	1147	17	29	35	8	0	621	5	7314	2036	5323	1068	9032	5340	7829	3307	57	20	41	191	158	1013	3147	83	5528	1439	1160	961	115	53	7162	3541	10	690	10	1447	2271	95	633	140	829	396	644	705	902	144	2535	73	502	6	2	606	5	386	342	2252	396	206	394	752	235	20084582
8_SD7458_H051_pH7	1939	49	70	117	14	0	1042	8	12255	3308	8698	1618	15355	8174	13085	5711	113	18	61	295	196	1833	4764	96	8564	2575	2028	1724	264	132	11176	5757	18	1130	22	2468	3703	192	1138	174	1600	639	982	1234	1106	255	4032	129	681	12	2	1024	11	612	585	3752	749	368	699	1181	378	35394046
9_SD7460_H053_pH7	1700	29	58	58	29	1	1037	13	11790	3112	8410	1683	14131	8342	12241	5379	116	21	67	283	244	1441	5018	135	8529	2049	1951	1585	255	148	11210	6524	35	1106	22	2304	4458	240	1049	224	1347	705	755	1143	1300	224	3699	134	805	24	5	1003	13	654	689	3590	826	382	743	1090	392	31375344
10_SD7461_H054_pH7	1499	20	28	33	15	0	867	27	9810	2694	7405	1269	11526	6922	10118	4546	63	13	41	224	194	1278	4171	98	7249	1742	1879	1455	235	145	9360	4971	26	916	37	1960	3213	200	925	174	1097	480	713	966	1006	203	3276	106	717	13	6	829	29	474	456	2813	605	321	602	949	302	24741159
11_SD7462_H055_pH7	3263	66	91	115	12	0	1777	13	21951	5835	15503	2686	24360	14223	21313	9925	129	31	75	437	356	2657	8265	177	14542	4072	3767	3046	545	307	18886	9510	16	1914	26	3920	6073	300	1924	389	2609	1102	1402	2284	2035	387	6996	223	1277	10	4	1729	13	1090	1031	5654	1243	634	1171	1783	617	51525961
12_SD7463_H056_pH7	663	14	14	23	8	4	435	9	4213	1182	2980	488	4574	3118	4102	1819	38	8	32	132	83	600	1932	35	3279	832	847	635	97	75	4290	2092	11	456	11	827	1388	75	353	108	509	246	323	406	405	107	1344	66	294	6	3	415	13	243	197	1192	249	140	222	362	123	9918540
13_SD7464_H057_pH7	4485	78	94	168	53	0	2147	30	26435	6860	19938	4120	34493	18302	29336	12562	251	51	106	521	422	3317	10948	275	19688	5167	4309	3516	486	241	25834	13388	74	2348	45	5386	8735	438	2352	499	2978	1486	1871	2887	3337	489	8874	278	1891	39	5	2113	34	1419	1440	8364	1907	859	1639	2680	867	76644150
14_SD7465_H058_pH7	6054	102	139	208	43	2	2827	43	35841	9185	27220	5296	46678	24710	40064	17458	235	82	157	729	596	4178	14532	405	25679	7125	5381	4667	733	374	33671	17748	65	3077	68	6959	11798	665	3225	663	3906	1728	2349	3707	4672	655	11897	295	2421	28	1	2756	44	1741	1837	10197	2258	1250	2120	3440	997	99568062
16_SD7467_H061_pH6.5	1074	39	64	66	9	0	573	4	6652	1848	4707	1033	7925	4837	6986	2998	89	10	54	173	169	1095	2964	54	5084	1267	1073	943	132	80	6556	3332	9	611	9	1387	2237	108	614	117	811	371	593	721	657	159	2292	69	448	8	1	560	4	349	364	2010	420	239	404	689	238	16782882
17_SD7468_H062_pH6.5	1232	39	73	75	16	0	668	11	7533	2068	5726	1029	9218	5591	8049	3402	100	11	52	188	132	1192	3374	80	5809	1484	1460	1079	178	84	7643	4237	18	693	25	1601	2761	132	851	133	1002	413	649	841	704	163	2523	97	506	14	0	642	13	432	434	2492	526	302	486	810	253	20212238
18_SD7469_H063_pH6.5	4211	177	222	322	49	1	2002	41	24008	6543	18551	3780	32559	17304	27827	11290	411	39	152	521	423	3495	9747	280	17453	5123	4690	3718	551	288	22999	12013	71	2153	70	4972	7727	372	2333	344	3503	1430	1810	2464	2075	487	8017	274	1358	34	3	1949	43	1433	1365	7678	1682	860	1516	2613	824	69181373
19_SD7470_H065_pH6.5	1084	49	49	59	17	0	646	6	7279	1870	5282	987	8541	5130	7495	3204	90	9	41	207	124	1104	3133	68	5398	1441	1287	969	173	75	6851	3636	17	695	16	1471	2357	128	789	114	937	420	580	729	562	156	2372	85	442	9	0	621	9	376	371	2308	480	234	470	759	232	19250985
20_SD7471_H067_pH6.5	2835	73	85	155	25	0	1408	18	15663	4374	12122	1685	20324	11461	17562	7387	211	48	105	352	254	2436	5816	77	10982	3865	3575	2628	489	256	14525	7253	40	1514	27	3352	4306	184	1518	233	2543	912	1314	1692	822	350	5569	202	637	20	7	1380	19	814	745	4501	928	471	845	1538	425	42811259
21_SD7472_H068_pH6.5	1223	89	90	143	14	0	749	14	8497	2242	6244	1276	10422	5717	8805	4023	150	20	54	230	147	1147	3518	47	6014	1658	1390	1198	178	106	7896	4030	20	807	22	1588	2553	98	831	135	1095	494	667	936	906	200	2781	95	595	11	2	737	14	432	417	2660	518	272	424	839	239	26778228
22_SD7473_H069_pH6.5	4408	200	262	329	45	0	2166	29	24775	6874	20059	3111	33105	17841	28163	12264	421	63	164	421	408	3569	9226	212	17206	5830	5244	4161	707	365	22531	11641	65	2280	41	5292	7122	356	2578	389	3853	1448	1921	2741	1500	482	8459	320	1133	29	0	2080	29	1385	1275	7649	1563	786	1464	2401	816	74563814
23_SD7474_H070_pH6.5	5628	244	321	489	44	0	2615	37	31801	8213	26315	4530	46991	22367	38714	15572	534	101	202	610	461	4239	11897	286	21509	7160	6965	5185	950	472	28721	16254	61	2839	56	6596	10265	404	3449	564	5099	1893	2181	3544	2210	524	10135	333	1512	29	0	2559	37	1887	1793	10894	2122	1163	2025	3562	1003	117356357
24_SD7475_H071_pH6.5	2993	138	197	258	31	0	1530	37	18021	4822	13640	2688	23562	12411	20322	8441	290	43	138	382	287	2384	7679	198	13399	3711	3150	2539	405	189	17521	9344	41	1644	61	3628	6187	301	1908	338	2147	1000	1349	1891	2068	337	6039	185	1199	20	3	1483	37	1008	963	5889	1160	520	1059	1835	585	50064631
25_SD7476_H072_pH6.5	2058	55	72	125	20	2	1180	15	13126	3545	10614	1934	17893	9096	15058	6288	142	26	41	294	245	1671	5399	144	9404	2653	2258	1754	285	167	12382	6766	28	1278	29	2572	4424	213	1376	214	1660	711	931	1530	1332	289	4020	118	771	14	1	1139	18	710	714	4422	758	378	741	1444	449	43033189
26_SD7477_H073_pH6.5	6169	93	136	234	66	0	2847	42	36954	10009	27926	5913	46804	24432	40060	18699	321	52	191	749	651	4413	14816	289	26413	7374	5345	5120	706	324	35283	17094	81	3124	77	7202	10919	502	3319	648	4074	1971	2596	4227	4697	701	12588	374	2581	52	3	2811	44	2006	1823	10856	2255	1161	1877	3456	1063	105422390
27_SD7478_H074_pH6.5	1495	35	32	63	27	0	797	20	9524	2442	6481	1141	10527	6514	9334	3967	121	28	70	239	194	1428	3837	81	6869	1836	1585	1242	178	101	8753	4420	31	867	45	1894	2847	151	916	109	1209	527	726	959	730	198	3060	108	573	23	3	796	23	477	503	2812	590	348	603	1008	309	22857846
28_SD7479_H075_pH6.5	2603	92	84	154	18	1	1475	21	16315	4213	12504	2405	21205	11740	18064	7457	165	33	83	408	270	2198	6797	146	11998	3238	2854	2049	364	186	15590	8355	25	1555	30	3320	5524	240	1634	276	2051	907	1242	1699	1664	337	5109	155	1037	14	3	1420	23	901	890	5302	1057	567	1014	1690	519	46992973
29_SD7480_H076_pH6.5	3	0	0	0	0	0	8	2	32	10	18	2	37	39	34	16	1	0	1	4	0	8	20	0	37	3	7	5	0	0	38	14	1	8	0	9	14	1	6	0	6	3	3	5	5	0	14	2	5	0	0	8	2	0	2	17	3	2	0	4	1	61196
30_SD7481_H077_pH6.5	2381	48	64	119	24	0	1297	28	14375	3793	11263	2455	19250	10892	16675	6778	123	30	85	370	250	1995	6569	162	11851	2976	2491	1971	316	167	15329	8081	29	1380	33	3023	5454	264	1468	231	1847	890	1140	1590	1522	314	4783	175	920	14	6	1255	28	931	885	5104	1079	572	1056	1676	508	41298897
31_SD7482_H078_pH6.5	1520	69	144	134	20	0	1054	13	10489	2659	8566	1561	13686	7621	11959	4427	175	24	70	237	182	1353	4589	92	8054	2080	2483	1601	376	186	10260	5981	22	1116	26	2176	3826	202	1140	219	1433	624	649	1136	932	195	3061	97	585	13	6	1020	13	603	576	3254	672	422	665	1069	393	27102223
32_SD7483_H079_pH6.5	1670	43	63	109	7	3	845	21	8889	2526	6977	1097	12125	6988	10501	4185	142	38	74	218	162	1485	3671	58	6816	2186	2004	1404	270	183	8771	4553	12	899	18	2143	2881	139	958	144	1426	586	795	1089	517	213	3192	127	451	4	0	842	21	474	452	2855	584	357	564	929	283	24025990
33_SD7484_H080_pH6.5	1908	46	66	94	23	1	1007	8	11784	3188	8410	1747	13845	8054	12056	5340	136	24	93	301	192	1771	4640	117	8378	2405	1861	1679	220	123	10739	5679	29	1059	14	2395	3750	160	1076	167	1486	668	944	1262	1151	279	3951	127	705	17	0	966	8	675	621	3495	747	283	564	1210	342	30486342
34_SD7485_H081_pH6	2395	66	83	124	21	1	1282	28	13752	3781	10490	1784	17532	10170	15109	6314	185	25	100	305	244	2102	5563	84	9903	3014	2615	2097	349	178	13035	6614	39	1369	31	2905	4206	206	1301	204	1976	858	1083	1671	1030	294	4749	182	742	16	1	1248	28	705	676	4327	814	478	814	1453	396	37673240
36_SD7487_H085_pH6	5207	226	326	406	65	0	2561	32	29214	7581	24682	3728	41489	20878	34938	13824	525	88	260	565	475	4016	11130	217	20605	6766	6797	4928	900	478	27098	14272	82	2721	79	6386	8744	377	2913	637	4706	1803	2152	3186	2019	562	9977	369	1375	44	0	2489	35	1600	1586	9386	1810	1102	1864	3111	1066	92085633
37_SD7488_H086_pH6	4307	170	249	356	24	1	2161	38	23541	6366	19401	3075	31133	17307	27092	10882	401	67	195	517	361	3360	9605	241	17260	5539	5681	4058	762	444	22450	12747	36	2323	50	5023	8041	418	2702	436	3660	1378	1560	2691	1546	438	7695	251	1114	21	0	2103	41	1437	1353	7607	1575	887	1769	2501	830	63388495
38_SD7489_H087_pH6	2634	86	87	106	32	1	1264	16	13725	3888	11107	1222	20031	11058	17357	6755	267	52	165	269	263	2253	5283	110	9820	3494	3694	2574	505	273	12722	7106	38	1376	23	3460	4268	168	1411	216	2272	815	1183	1232	489	316	5098	228	515	22	0	1240	17	683	666	3853	855	453	882	1349	437	39666256
39_SD7490_H089_pH6	5067	322	329	389	69	1	2547	37	29567	7922	24569	3938	40778	20456	34671	14005	520	58	227	534	453	4068	11490	279	20786	6842	7718	5383	1059	540	27240	13907	101	2790	73	6479	8426	385	3289	593	4505	1693	1975	3455	2420	517	9994	302	1609	46	0	2479	41	1561	1534	8951	1809	1049	1725	2945	982	87698444
40_SD7491_H090_pH6	3086	126	118	204	17	2	1540	30	19934	5287	14470	2564	24485	12941	20651	9470	246	35	119	399	333	2775	7150	132	12740	4090	3468	2865	419	217	16886	8412	20	1647	42	3850	5285	254	1920	300	2690	1053	1443	2223	1569	373	6761	232	1085	15	2	1484	30	1006	1016	6118	1225	569	1041	2038	575	64371003
41_SD7492_H091_pH6	1282	35	42	61	8	1	712	11	7938	2322	6060	991	9527	5847	8325	3688	67	15	34	227	155	1342	3189	42	5816	1659	1490	1216	140	91	7369	3781	8	768	15	1721	2379	137	784	113	1054	431	656	837	569	179	2763	116	421	2	3	689	11	429	409	2510	505	297	507	735	225	19846382
42_SD7493_H092_pH6	2945	67	68	125	45	0	1493	29	16187	4371	13920	1533	22755	13352	19826	7703	237	44	151	340	281	2893	6308	84	11718	4124	4700	3134	715	327	15096	8568	61	1584	42	3875	5264	215	1825	239	2810	1000	1294	1957	558	345	6000	246	675	37	2	1439	30	810	730	4323	882	442	839	1487	479	45822627
43_SD7494_H093_pH6	4182	54	117	184	23	0	2075	28	22900	6222	20035	2625	33054	18530	28564	11339	306	92	167	407	368	3586	8580	133	16322	5779	6268	4227	964	479	21280	12349	40	2236	47	5175	7587	341	2716	472	3884	1286	1567	2630	845	474	8129	355	990	13	0	2028	30	1143	1143	6296	1415	679	1378	2067	699	65489040
44_SD7495_H094_pH6	6130	152	212	289	40	1	2797	40	35023	9020	27919	3504	48630	27111	42201	16933	493	71	271	676	603	5172	12060	167	23835	8220	8286	6102	1158	642	31341	17293	63	3073	62	7521	10231	477	3456	557	5672	1856	2379	4330	1262	637	12537	409	1402	33	0	2730	39	1705	1643	9299	2102	1063	1967	3159	947	93686286
45_SD7496_H095_pH6	5609	87	140	185	59	0	2834	49	37558	10126	26553	4496	43400	23779	37384	17892	294	55	154	694	545	4435	13653	324	24387	7219	6571	5585	960	507	32315	15614	90	3073	82	6288	9845	503	2999	805	4777	1722	2330	4739	3035	651	12457	347	2045	48	0	2766	50	1715	1631	9639	1933	1097	2068	3112	840	97566227
46_SD7497_H096_pH6	7187	284	330	543	81	0	3315	66	42853	11249	33884	5752	59505	28166	49322	21693	672	123	353	817	696	5230	15505	332	27894	9599	8411	6998	1137	484	37660	18624	109	3613	107	8268	11699	522	4365	756	6710	2653	3002	5123	3596	747	14478	496	2149	47	2	3231	66	2561	2184	13673	2517	1388	2198	4469	1338	146520826
47_SD7498_H097_pH6	4765	146	185	292	85	1	2382	65	24920	6670	21119	3025	36986	20169	32021	11735	451	94	262	542	428	3676	10488	197	19525	6266	6781	4760	942	498	25132	14168	111	2543	114	6008	8854	374	2781	452	4408	1511	1951	2818	1231	498	9029	333	1127	58	0	2313	66	1446	1475	8166	1764	922	1671	2729	1021	74186950
48_SD7499_H098_pH6	5962	179	199	375	70	0	2805	40	32936	8744	25947	4200	43307	22904	37390	15623	468	127	263	680	510	4744	12314	270	22922	7580	6792	5079	949	503	30017	15553	102	3052	72	6812	9600	449	3323	610	4791	1728	2353	3646	2082	598	10871	333	1578	56	0	2752	41	1853	1746	9915	2101	1176	2011	3532	1116	91572050
49_SD7500_H099_pH6	1487	42	58	64	30	3	844	24	9328	2419	6530	1141	11037	6560	9712	4013	111	19	83	261	170	1613	3811	66	6918	2024	1755	1371	186	129	8834	4289	40	923	36	1913	2766	117	904	139	1336	534	799	1007	679	187	3174	142	527	18	4	820	24	456	468	2663	566	299	543	879	324	23024539
50_SD7501_H100_pH6	3238	138	165	227	45	0	1606	39	16722	4733	13806	2129	24490	14209	21468	8122	325	64	187	358	311	2745	6940	146	13001	4217	4483	3244	673	389	16882	8979	55	1731	52	4210	5544	265	1882	301	2972	1063	1448	1865	818	398	6208	262	736	34	0	1552	40	1058	942	5252	1280	676	1168	1932	673	45780001
51_SD7502_H101_pH5.5	1856	40	65	74	20	3	927	11	9125	2941	7815	532	13074	7987	11587	4722	215	29	139	252	201	1696	3770	64	7034	2736	2793	1828	408	190	8979	4467	23	987	17	2572	2594	128	911	145	1596	545	961	663	216	209	3695	186	346	12	1	907	10	354	354	2231	446	196	496	770	254	23266406
52_SD7503_H102_pH5.5	3992	130	162	164	23	0	1881	23	19683	6106	16545	1564	29637	16326	25664	10252	389	73	227	363	390	3461	7929	119	14881	5607	6165	3988	809	394	19274	9724	43	2014	32	5272	5463	231	1937	376	3612	1200	1774	1849	774	415	7878	334	764	16	0	1827	23	903	896	5173	1137	581	1170	1778	676	57045468
53_SD7504_H103_pH5.5	3777	155	218	323	20	0	1812	10	16927	5534	16321	1051	25948	15009	22816	9183	503	30	277	349	343	3086	7468	130	13687	5595	6339	4213	859	402	17607	8613	19	1946	21	5337	4734	181	2075	247	3534	1165	1619	1248	377	346	7346	367	626	8	2	1765	13	747	648	4240	874	533	857	1520	566	47746479
54_SD7505_H104_pH5.5	4834	128	164	231	35	0	2153	30	23276	7007	20225	1743	34188	20116	29950	11713	495	63	320	422	438	4083	9760	166	18205	6732	6920	4850	978	515	23576	11807	49	2297	36	6956	6762	321	2476	402	4336	1373	2116	2079	633	457	9840	441	906	30	0	2079	30	1076	963	6051	1445	762	1307	2395	780	61969084
55_SD7506_H105_pH5.5	2381	82	78	138	14	0	1209	11	12064	3535	9739	992	16213	9854	14195	5619	260	36	159	234	209	2183	4997	75	8940	3292	3356	2370	412	244	11684	5794	21	1281	13	3136	3485	139	1319	154	2289	762	1168	1254	436	265	4698	167	507	10	0	1173	10	606	526	3269	709	363	730	1166	435	32563620
56_SD7507_H106_pH5.5	4926	186	251	325	48	0	2117	32	23969	7520	20788	1733	35579	20634	31288	12487	632	74	381	465	458	4028	9515	202	17885	7331	7479	5073	994	480	23465	11289	65	2243	53	7158	6160	280	2443	310	4726	1503	2249	2044	617	493	10411	499	884	32	0	2047	33	1092	1044	5782	1330	630	1236	2226	763	65999021
57_SD7508_H107_pH5.5	3580	127	143	225	29	1	1635	16	15401	5097	14221	841	24081	13148	20856	8588	388	52	217	318	292	2752	6552	132	11701	5012	5918	3681	818	345	15353	8034	41	1741	29	4656	4505	191	1735	207	2893	974	1398	1258	315	319	6811	301	516	22	0	1583	17	640	647	3820	809	431	769	1377	450	46112756
58_SD7509_H109_pH5.5	4132	90	102	172	19	3	1849	16	19304	6038	17575	1542	29228	16450	25391	10608	387	55	273	378	363	3328	7823	114	14803	5730	6440	4306	835	418	19285	10091	28	2021	23	5384	5798	272	2007	233	3196	1118	1637	1429	812	373	7929	312	800	12	1	1828	17	803	856	5147	1064	559	1069	1721	487	55430555
59_SD7510_H110_pH5.5	4981	92	116	211	25	1	2233	30	23711	7478	21859	1721	36110	20333	30929	13433	503	77	346	476	481	3905	9354	154	17157	7338	7834	5158	1017	472	22911	12064	39	2431	51	6880	6680	265	2520	261	4286	1406	2062	1821	732	442	10167	464	831	15	2	2179	32	985	966	5980	1221	641	1293	2171	635	71913722
60_SD7511_H111_pH5.5	1246	43	49	55	23	0	708	13	6507	1977	5018	417	8446	5648	7547	3109	127	31	80	151	150	1354	2792	43	5081	1869	2073	1449	245	139	6459	2993	33	750	23	1695	1840	101	695	114	1290	479	714	703	225	178	2666	177	302	19	1	661	15	240	239	1617	328	152	326	602	216	16520806
61_SD7512_H113_pH5.5	1996	46	80	116	28	1	982	20	9864	2876	8059	634	13516	8392	12061	4818	211	29	136	218	207	1810	4010	64	7276	2869	3088	1971	392	198	9506	4714	38	1071	31	2692	2735	111	1123	153	1825	627	976	831	279	230	4079	190	404	17	0	954	22	381	407	2335	535	258	492	888	286	24753808
62_SD7513_H114_pH5.5	800	25	25	40	9	1	454	1	3877	1225	3521	228	6033	3788	5257	1999	83	10	58	102	96	888	1811	29	3261	1213	1440	934	187	69	4010	2311	10	491	1	1189	1486	42	417	49	789	289	414	311	87	105	1658	97	162	6	2	441	1	158	179	1079	218	105	223	344	106	12039388
63_SD7514_H115_pH5.5	3223	142	162	171	16	0	1472	16	16201	4964	13868	1062	22424	13434	19663	8321	359	51	222	338	284	2799	6375	106	12160	4745	5524	3614	791	377	15581	7644	25	1616	26	4250	4297	187	1684	305	2951	986	1364	1530	609	342	6628	301	676	12	3	1430	17	744	656	3985	791	472	825	1406	540	42227730
64_SD7515_H116_pH5.5	3422	85	102	123	17	2	1508	26	16631	5043	14276	1010	24180	14535	21137	8402	369	52	272	355	362	2958	6714	112	12396	5037	5138	3770	705	344	16236	7943	31	1655	33	4705	4434	180	1763	256	3164	974	1598	1375	471	338	7285	327	656	13	0	1456	28	736	642	4017	810	403	873	1350	557	44937088
65_SD7516_H117_pH5.5	3938	79	114	169	30	1	1890	22	20557	5886	16683	1426	27233	16227	23668	10057	397	110	260	350	345	3473	7917	133	14832	5772	6060	4318	788	384	19468	9665	38	2050	40	5210	5616	245	1937	343	3777	1249	1773	1984	700	455	8138	334	783	22	0	1839	27	887	805	5003	1036	599	954	1836	619	54106774
66_SD7517_H119_pH5.5	4388	88	118	140	55	0	1929	21	21159	7071	18789	1219	31074	18229	27058	11923	455	65	345	426	430	3729	8277	127	15310	6617	7194	4822	929	447	20446	9991	71	2096	40	6143	5415	212	2109	285	4070	1349	1984	1494	451	468	9311	448	812	38	0	1874	22	856	817	5006	1052	610	1060	1909	617	59611258
67_SD7518_H120_pH5.5	4178	87	145	170	51	0	2406	35	19061	5660	19812	1541	33634	17862	29105	9508	371	100	225	374	296	3553	9185	174	17167	6110	7713	4782	1211	621	21650	12703	72	2555	62	6167	7709	439	2231	338	4421	1518	1670	1812	504	410	8021	312	648	32	0	2333	41	1158	990	5979	1259	742	1268	2116	744	60410793
68_SD7519_S121	4482	68	69	113	30	0	1860	25	20705	6635	17974	1494	30367	17239	26540	11699	386	20	313	415	401	3450	8177	146	15299	6346	6457	4264	895	343	19990	10578	39	2006	35	5873	6186	279	1928	199	3305	1104	1863	1420	901	374	8481	311	859	18	1	1832	25	908	856	5172	1138	567	1017	1821	578	58452978
69_SD7520_S122	2802	48	53	63	18	0	1317	22	13039	4324	11960	727	19887	11083	17202	7442	303	46	238	284	289	2288	5589	75	9862	4190	4270	2964	632	243	12957	6604	26	1394	31	3789	3660	151	1422	125	2345	818	1274	852	334	264	5580	259	464	11	0	1293	23	546	513	3031	642	283	671	1170	332	38648582
70_SD7521_S123	1410	25	19	23	3	0	676	2	5839	2265	5270	197	8193	5159	7309	3752	129	6	111	148	143	1057	2518	32	4410	2138	2427	1370	340	133	5669	3118	4	726	5	1793	1647	66	653	49	978	318	669	384	86	131	2417	118	201	1	0	647	2	186	158	1104	224	131	242	413	132	14994537
71_SD7522_S124	2669	39	27	62	14	0	1268	25	11846	4169	10770	586	17481	10667	15339	7062	237	17	186	274	274	2163	5009	66	9003	4089	4453	2988	633	262	11831	5984	18	1331	29	3684	3327	159	1160	89	2006	637	1136	772	281	252	5150	231	435	7	0	1243	25	437	409	2678	594	284	584	943	298	32164046
72_SD7523_S125	9607	111	126	206	68	0	3960	37	40011	13357	39934	1893	67594	37451	58744	25044	975	97	793	712	836	6622	16451	227	31765	14133	17293	10307	2392	958	42220	21491	81	4356	50	13239	11480	493	3992	286	7652	2247	3683	2418	538	610	18957	777	1290	51	1	3888	38	1764	1653	9556	2340	1137	2150	3401	1011	122726151
73_SD7524_S126	1087	3	5	6	15	0	570	12	4795	1789	4147	224	7003	4527	6182	2955	95	14	79	146	123	960	2192	35	4012	1684	1950	1124	268	108	5144	2860	22	625	14	1590	1581	70	473	21	882	295	583	355	64	116	2169	114	181	9	0	574	12	183	171	1141	251	112	221	394	97	13493034
74_SD7525_S127	3454	27	25	55	6	0	1746	4	14662	5171	14417	487	23859	13089	20702	9538	210	18	166	265	306	2534	6291	88	11547	5401	6513	3619	926	355	15088	8387	7	1891	9	4784	4618	199	1534	48	2356	799	1387	1010	127	297	5994	270	417	5	1	1708	4	524	516	3027	620	320	577	1102	291	45860990
75_SD7526_S128	3518	36	33	57	22	0	1558	16	15588	5286	14090	587	23038	13400	20127	9458	321	35	255	334	330	2703	5909	98	10993	5185	5842	3674	834	345	14565	7393	28	1667	15	4614	3893	135	1389	70	2676	799	1640	885	185	298	6616	297	488	20	2	1529	16	563	484	3252	659	317	620	1126	319	44214688
76_SD7527_S129	2278	50	35	66	16	0	1054	15	9854	3346	9164	455	14563	8860	12781	5631	247	19	176	202	223	1886	4164	51	7630	3263	3882	2428	535	209	9915	4977	19	1115	19	3188	2709	109	1053	83	1745	568	1080	621	161	237	4451	206	360	14	1	1021	15	338	351	2193	432	216	471	825	254	27030406
77_SD7528_S130	2491	19	13	37	15	0	1127	5	10585	3682	9816	339	15151	9167	13353	6693	225	18	181	216	238	1935	4499	64	8095	3562	4617	2732	621	276	10809	5336	20	1202	10	3390	2825	131	1044	36	1828	553	1098	632	95	222	4669	220	328	16	2	1094	5	307	280	2005	346	189	410	729	177	30773329
78_SD7529_S131	3654	78	85	120	12	1	1615	14	15539	5492	15239	625	24675	14321	21577	9692	428	35	291	296	350	2812	6507	85	12136	5569	6979	4026	932	411	15795	8481	20	1752	22	5110	4602	200	1792	99	2959	935	1577	1008	180	309	6823	314	557	8	0	1571	14	558	525	3167	652	348	704	1145	306	44489134
79_SD7530_S132	3022	37	27	32	11	0	1360	10	13183	4460	11796	488	20141	11891	17654	7942	252	13	219	266	251	2275	5273	77	9762	4295	4982	3103	682	317	12804	6959	17	1448	13	4407	3717	144	1322	62	2399	749	1336	798	158	259	5754	248	406	3	0	1340	11	461	426	2858	672	333	665	1057	300	35034875
80_SD7531_S133	3826	95	102	126	22	0	1734	19	18340	5925	16520	1394	27210	15780	23590	10305	414	32	299	360	371	2955	7514	144	13979	5683	6083	3996	842	386	18185	9221	29	1884	25	5141	5311	244	1854	183	3083	1046	1717	1388	778	357	7678	311	778	15	2	1705	20	820	792	4747	1055	551	1004	1756	445	51824521
81_SD7532_S134	4134	51	54	92	31	0	1817	29	18466	6112	16669	1155	27612	15673	23915	10871	347	35	302	358	394	3014	7230	128	13317	5943	6150	4008	915	354	17643	9369	38	1975	32	5265	5157	235	1787	135	3098	1041	1743	1241	478	339	7567	345	713	16	1	1786	30	734	709	4272	916	435	940	1474	470	53472339
82_SD7533_S135	4244	75	85	70	35	0	1756	41	19306	6530	17316	1077	28324	16415	24484	11140	461	54	394	382	448	3309	7539	92	13875	6206	6911	4490	905	390	18513	8933	44	1904	62	5521	5009	211	1810	160	3522	1092	1961	1352	487	385	8537	422	766	27	7	1704	42	727	718	4251	817	410	802	1598	424	55759709
83_SD7534_S136	4048	44	44	56	16	0	1828	8	17893	6296	17248	719	27836	15950	24175	11022	378	34	328	412	423	3220	7519	100	14014	6166	7153	4611	988	391	18519	8847	27	1954	14	5867	4818	175	1814	106	3337	968	1783	1180	236	339	8208	397	673	11	2	1784	9	689	663	3985	749	407	773	1496	371	55998759
84_SD7535_S137	4824	68	59	113	21	0	2168	23	21343	7318	19954	905	32947	19395	28754	12971	547	41	420	417	474	3834	8919	105	16813	7352	8257	5091	1078	465	22198	11104	28	2359	27	6817	6124	238	2085	136	3757	1141	2146	1329	292	404	9772	420	707	18	0	2141	23	840	828	4651	1050	536	1052	1867	568	61269236
85_SD7536_S138	2675	16	13	37	8	0	1207	6	11819	4181	10253	458	16839	10248	14845	7358	222	17	210	243	254	2037	4658	88	8535	3750	4486	2695	599	241	11259	6137	8	1292	11	3847	3381	118	1038	38	2074	705	1206	770	104	248	4823	232	405	7	0	1183	6	388	366	2566	520	271	501	875	265	32941333
86_SD7537_S139	1642	11	12	16	11	0	786	3	7383	2504	6581	235	10614	6480	9339	4335	127	6	92	153	154	1401	2880	27	5260	2579	2846	1607	370	162	6936	3941	12	834	5	2265	2152	53	733	29	1207	441	770	459	70	168	2983	135	209	10	0	761	3	245	220	1535	308	160	299	538	147	20488883
87_SD7538_S140	4520	45	36	57	30	1	2098	17	18687	6438	18015	813	30623	17079	26506	11640	347	40	286	377	404	3192	8065	121	15082	6321	7802	4706	1106	394	19746	10780	36	2238	24	6403	6102	253	1831	86	3420	1046	1916	1080	190	368	8334	291	563	21	1	2053	17	712	712	4281	967	490	933	1602	405	60168416
88_SD7539_S141	1017	14	7	10	0	0	555	8	4811	1636	3957	92	6091	3667	5391	3006	32	0	20	111	85	759	1873	27	3403	1631	1781	1014	266	121	4325	2528	2	584	1	1328	1390	67	426	12	664	239	446	239	23	112	1579	63	101	0	1	547	7	114	94	824	144	82	166	320	54	12050388
89_SD7540_S142	688	16	4	24	0	0	329	3	3130	1103	2752	41	3885	2616	3424	1995	12	2	14	82	51	571	1137	16	1969	1025	1077	626	202	67	2576	1600	0	339	0	856	784	21	236	9	446	144	350	147	11	63	992	49	64	0	0	319	3	60	67	556	78	36	114	198	17	8029360
90_SD7541_S143	1199	26	18	59	0	1	614	1	5361	2016	4863	131	7138	4173	6192	3719	40	2	27	107	62	843	2069	23	3478	1944	2107	1172	290	142	4680	2827	2	659	1	1422	1469	53	439	19	733	237	438	271	65	91	1836	70	100	0	0	602	0	103	137	959	157	94	155	360	47	15427687
91_SD7542_S144	1570	28	39	47	7	0	864	8	8553	2757	7139	777	11504	6751	10116	4848	92	15	47	185	141	1250	3536	47	6357	2483	2539	1582	362	144	8218	4793	7	950	10	2098	2802	100	791	72	1202	465	761	611	463	183	3052	95	329	7	1	846	10	351	329	2165	388	219	425	731	168	22999463
93_SD7544_S146	1116	20	18	34	4	0	650	1	5278	2107	4640	178	6960	4445	6137	3696	45	4	26	103	69	819	2183	23	3835	1993	2034	1079	252	126	4841	2899	3	702	2	1396	1560	82	479	34	768	279	430	290	103	101	1778	52	116	2	0	650	0	138	111	982	193	80	169	357	58	13813366
94_SD7545_S147	2451	29	24	59	2	1	1391	7	11892	4639	10978	307	15931	9508	14075	9028	77	1	48	202	147	1599	4098	42	7452	4400	4418	2538	621	281	9907	6552	1	1479	4	3171	3394	186	1218	24	1977	670	965	509	157	213	3949	112	246	1	0	1407	5	304	289	1875	406	177	365	756	117	30773388
95_SD7546_S148	1226	19	16	35	2	1	686	4	5890	2215	5023	180	7552	4442	6638	3963	20	7	11	118	85	895	2169	17	3697	2061	2045	1136	307	105	4836	3170	5	761	4	1514	1666	40	488	19	869	313	522	295	94	120	1956	82	139	1	2	685	5	143	162	1029	176	80	187	363	65	15384523
96_SD7547_S149	662	5	4	8	0	0	377	1	3066	1257	2677	69	3916	2604	3476	2131	9	3	7	73	44	483	1263	12	2142	1148	1108	639	179	68	2819	1781	0	388	0	895	982	39	274	8	483	161	304	136	13	73	963	52	63	0	1	366	1	67	58	545	80	62	97	223	23	7610304
97_SD7548_S150	4698	67	43	176	3	0	2314	2	21139	7481	21146	337	31239	16202	26221	16389	139	12	79	278	172	2448	6952	62	12503	8319	9111	4827	1298	452	17043	10830	2	2507	3	5476	5570	261	1868	15	3308	1086	1442	929	86	267	6942	129	253	2	1	2321	1	540	551	3353	665	304	633	1226	185	71960988
98_SD7549_S151	1447	9	12	28	1	0	749	4	6854	2506	6156	114	9492	5410	8296	4591	31	9	22	129	93	954	2690	21	4668	2429	2617	1446	395	137	6177	3758	3	761	3	2034	1965	83	579	12	989	332	585	276	28	124	2293	57	119	1	0	716	1	156	153	1228	229	92	217	466	62	18819383
99_SD7550_S152	793	9	3	10	1	0	455	4	3869	1395	3330	112	5385	3237	4725	2467	35	2	40	75	76	634	1712	12	2869	1351	1517	765	222	100	3726	2293	0	489	2	1308	1255	47	344	16	648	232	414	192	41	97	1352	55	99	0	0	451	5	103	126	835	155	85	140	247	55	10299160
100_SD7551_S153	1317	22	21	21	9	2	697	5	6881	2164	5477	524	9070	5373	7931	3839	55	7	39	167	115	1049	2694	47	4871	1998	1967	1159	277	113	6307	3630	9	744	5	1695	2184	91	537	50	931	354	618	453	312	146	2331	90	263	9	1	688	5	248	286	1645	342	173	319	556	159	18812126
101_SD7552_S154	989	11	22	25	3	2	530	4	5346	1759	4095	330	6242	3906	5511	3109	34	4	27	128	85	871	1971	22	3628	1468	1495	997	228	66	4611	2669	1	585	4	1312	1433	47	423	40	646	246	467	306	182	118	1597	75	147	0	1	533	4	156	133	1137	215	114	230	411	85	12812863
102_SD7553_S155	651	16	3	21	0	0	451	7	3386	1124	2823	174	4331	2774	3813	1955	21	4	9	83	63	554	1434	17	2426	1129	1176	657	151	77	3245	1924	1	474	2	916	1069	54	329	9	444	170	319	229	90	81	1139	61	90	0	0	444	6	108	101	734	132	67	144	264	53	9022561
103_SD7554_S156	679	5	6	11	2	0	408	2	3318	1226	2875	105	4452	2996	4002	2080	15	5	13	83	54	571	1392	11	2385	1201	1201	699	198	96	3128	1997	3	412	1	978	1158	42	332	11	395	153	322	173	67	72	1191	57	80	1	0	395	2	97	79	628	113	58	105	225	46	8243891
104_SD7555_S157	1301	16	18	57	0	1	722	6	6346	2458	5681	167	8322	5100	7439	4500	45	2	25	101	83	835	2205	20	3747	2113	2742	1523	371	161	5062	3709	1	782	3	1804	1848	82	606	23	1219	410	461	237	99	120	2051	77	160	0	0	711	4	161	144	1043	181	108	164	467	46	16062801
105_SD7556_S158	1099	11	11	34	4	1	689	2	5802	2347	5376	93	8369	4868	7389	4360	21	1	10	92	79	748	1997	4	3256	2113	2628	1450	409	170	4474	3372	0	737	0	1607	1680	84	541	17	1042	339	441	176	37	119	1853	73	94	0	0	675	1	108	113	820	154	81	151	304	34	14910947
106_SD7557_S159	3800	23	7	30	0	0	1983	10	17707	6532	16766	215	26457	14066	23172	13428	39	5	21	261	145	2056	5760	38	9986	6465	8410	4641	1195	414	13572	9426	2	2149	0	5234	4419	205	1426	22	3064	942	1211	460	58	210	5985	166	194	0	0	2015	0	363	353	2506	488	288	447	935	79	47006924
107_SD7558_S160	685	6	7	14	1	0	476	1	3640	1469	3281	46	4597	2950	4091	2735	18	4	14	80	52	525	1337	8	2192	1355	1502	804	224	86	2932	2010	0	512	0	996	1006	51	357	14	693	213	278	118	11	65	1139	54	59	0	0	474	1	59	74	447	80	42	89	178	15	8820948
108_SD7559_S161	1600	13	6	47	0	0	997	5	7060	2929	7517	96	11489	6234	9917	5822	31	3	24	107	94	976	2528	12	4103	3036	4232	2414	656	211	5692	4237	1	1069	0	2031	1994	76	761	9	1608	491	489	271	20	114	2478	88	109	0	0	980	0	103	108	862	142	86	174	376	31	21344865
109_SD7560_S162	2220	15	17	51	1	0	1334	13	10752	4395	10511	140	15854	9430	13906	8481	34	2	29	165	131	1433	3596	7	6078	3915	5189	2649	724	284	8516	6256	0	1423	1	3078	2890	112	1128	15	2107	631	654	334	53	154	3689	86	166	1	0	1328	4	184	202	1371	261	156	259	554	64	27557694
110_SD7561_S163	584	29	24	62	2	0	349	5	2853	911	3081	58	4510	2469	3848	1956	51	5	30	54	50	454	1135	3	1881	1269	1833	1026	266	92	2525	1820	1	375	1	824	950	45	303	10	736	247	234	129	16	66	1090	37	50	1	0	349	4	79	59	474	81	35	56	150	14	10453537
111_SD7562_S164	1026	27	8	59	0	0	633	10	4915	1974	4691	118	7303	4179	6390	3590	32	0	15	86	70	671	1788	7	3018	2015	2427	1360	375	172	4055	2958	0	708	1	1304	1534	82	412	18	850	260	332	162	44	95	1657	60	78	0	0	647	5	96	107	785	143	55	131	319	39	14989596
112_SD7563_S165	1978	35	32	108	2	0	1135	9	9573	3757	9256	229	13685	7385	11548	7290	75	6	28	147	107	1217	3063	25	5387	3567	4132	2377	620	197	7374	5208	4	1212	1	2331	2720	107	853	28	1991	654	630	342	114	148	3036	108	180	2	0	1129	2	223	209	1562	264	134	228	567	100	30687279
113_SD7564_S166	720	19	17	33	6	0	427	7	4386	1380	3556	443	5924	3509	5152	2377	40	10	19	121	89	648	1840	28	3142	1158	1497	856	202	68	4014	2448	8	460	3	1087	1396	66	399	38	581	235	361	318	298	106	1411	72	188	5	1	427	5	173	172	1134	219	108	187	380	103	11793351
114_SD7565_S167	899	13	15	37	3	0	604	5	4863	1802	4130	199	6493	3851	5807	3321	25	4	22	111	73	743	1768	6	2974	1563	1985	1160	294	92	4033	2707	2	628	2	1296	1390	64	463	28	878	337	398	261	120	107	1705	50	137	2	1	596	5	115	126	905	179	86	155	326	51	12394283
115_SD7566_S168	804	6	5	25	2	0	441	10	3827	1362	3708	125	5346	3264	4801	2359	16	1	14	64	53	623	1525	19	2541	1368	1762	988	276	110	3425	2415	5	477	3	996	1322	73	442	19	921	324	282	162	92	71	1282	59	97	2	0	430	7	103	95	605	150	73	125	294	27	9702263
116_SD7567_S169	1574	15	18	32	1	1	1007	5	7733	2923	7956	206	11128	6388	9662	5568	49	5	25	129	136	1149	2874	22	4788	3024	3952	2264	542	228	6482	4504	2	1070	1	1988	2259	101	920	28	1884	591	546	298	148	140	2758	109	178	0	0	1016	2	186	153	1156	210	118	209	516	54	23194224
117_SD7568_S170	1530	14	5	13	0	0	875	5	7697	2998	6936	148	10766	6150	9447	5787	21	2	11	129	107	1030	2654	10	4446	2774	3309	1827	485	149	6075	4131	1	937	0	2184	2068	85	715	8	1482	475	600	277	71	137	2471	70	146	0	0	866	1	135	168	1119	202	106	195	429	51	21141227
118_SD7569_S171	186	10	2	6	0	1	146	3	1152	517	1004	14	1555	1000	1397	884	8	0	2	29	24	236	467	1	709	448	583	305	94	26	944	704	2	155	0	351	386	10	87	6	262	81	96	46	2	26	376	14	20	3	0	146	2	20	23	171	33	11	11	69	10	3036380
119_SD7570_S172	785	8	8	19	1	0	519	2	4058	1669	4226	58	5949	3550	5141	3131	14	4	12	74	66	598	1442	12	2435	1639	2196	1228	387	135	3370	2545	0	552	0	1099	1196	50	483	2	1122	338	315	124	26	67	1381	55	58	0	0	516	1	58	59	542	106	52	105	213	11	11946996
120_SD7571_S173	1922	15	14	37	2	0	1199	9	9569	3774	9211	113	14223	7348	12131	7734	38	5	18	136	92	1184	3138	9	5319	3744	4580	2635	586	209	7360	5004	2	1295	0	2590	2429	101	938	13	1945	586	554	281	55	143	3164	104	147	2	0	1239	4	149	167	1268	245	122	192	506	39	30648360
121_SD7572_S174	2080	28	10	47	1	0	1186	18	10032	3757	9322	162	14072	7589	12167	7697	39	4	22	176	136	1279	3230	5	5513	3685	4711	2516	626	247	7468	5331	0	1294	1	2638	2449	96	808	9	1794	524	630	288	61	154	3186	92	122	0	0	1198	9	204	231	1364	274	153	213	570	51	26982925
122_SD7573_S175	1446	21	17	72	2	1	889	5	7622	2981	7275	143	10115	5920	8762	5783	39	2	24	106	104	976	2583	18	4253	2900	3270	1913	518	194	5811	3962	2	958	0	1876	1960	92	770	20	1424	453	543	278	58	145	2523	65	122	2	0	877	2	136	137	1088	174	86	182	438	55	22388470
