gsveasy_sample,Hoosfield.ID,SampleID,pH,pH.group,pH.group.label,Total.reads,Arc.reads.sampled,Bac.reads.sampled,Prok.reads.sampled,Microeuk.reads.sampled,Plant.reads.sampled,Euk.reads.sampled,Arc.reads,Bac.reads,Prok.reads,Microeuk.reads,Plant.reads,Euk.reads,MAG.reads,Known.reads.prop,Unknown.reads.prop,MAG.reads.pc,Bact_CN_gsoil,Fun_CN_gsoil,Fun_CN_gsoil.a.zero,Prop.bac.reads
SD7449_H041_pH7,H041,SD7449,7.96,7.4,7,59467962,14296,982732,997028,614,2516,3130,425076.9924,29220534.62,29645611.61,18256.66433,74810.6962,93067.36053,10146558,50.0079,49.9921,0.187496988,1094031765,-1861772.557,0,0.491366
SD7450_H042_pH7,H042,SD7450,7.58,7.4,7,177119406,9674,978393,988067,1604,2708,4312,856726.5668,86646193.5,87502920.06,142049.7636,239819.6757,381869.4393,37138467,49.61895,50.38105,0.230418016,1009628414,5409058.411,5409058.411,0.4891965
SD7451_H043_pH7,H043,SD7451,7.11,7.4,7,69111100,14531,942174,956705,195,2249,2444,502126.6971,32557340.77,33059467.46,6738.33225,77715.43195,84453.7642,13354898,47.95745,52.04255,0.212349566,905234794.7,12665253.59,12665253.59,0.471087
SD7452_H044_pH7,H044,SD7452,7.37,7.4,7,23718612,17331,1003294,1020625,748,2753,3501,205533.6323,11898370.55,12103904.19,8870.760888,32648.66942,41519.43031,4261257,51.2063,48.7937,0.197427236,962984456.2,8888540.961,8888540.961,0.501647
SD7453_H045_pH7,H045,SD7453,7.48,7.4,7,19872932,20755,914717,935472,121,1949,2070,206231.3518,9089054.37,9295285.722,1202.312386,19366.17223,20568.48462,3793744,46.8771,53.1229,0.209780291,987417005.3,7113773.191,7113773.191,0.4573585
SD7454_H046_pH7,H046,SD7454,7.9,7.4,7,81930748,17694,1000569,1018263,297,2760,3057,724841.3276,40988683.3,41713524.63,12166.71608,113064.4322,125231.1483,12820228,51.066,48.934,0.171952081,1080704920,-630281.898,0,0.5002845
SD7455_H048_pH7,H048,SD7455,7.28,7.4,7,40889112,13033,1009543,1022576,358,3274,3632,266453.8983,20639658.4,20906112.3,7319.151048,66935.47634,74254.62739,7098367,51.3104,48.6896,0.190769692,942994188.8,10262375.51,10262375.51,0.5047715
SD7456_H049_pH7,H049,SD7456,7.51,7.4,7,40169164,11698,940582,952280,51,2153,2204,234949.4402,18891196.31,19126145.75,1024.313682,43242.10505,44266.41873,6292308,47.7242,52.2758,0.172137617,994080427.8,6611487.71,6611487.71,0.470291
SD7458_H051_pH7,H051,SD7458,7.31,7.4,7,70788092,16852,947379,964231,403,2482,2885,596460.4632,33531575.91,34128036.37,14263.80054,87848.02217,102111.8227,10735334,48.3558,51.6442,0.166653317,949657611.2,9812255.477,9812255.477,0.4736895
SD7460_H053_pH7,H053,SD7460,7.51,7.4,7,62750688,11646,932408,944054,150,2767,2917,365397.2562,29254621.75,29620019,4706.3016,86815.57685,91521.87845,12371760,47.34855,52.65145,0.21665644,994080427.8,6611487.71,6611487.71,0.466204
SD7461_H054_pH7,H054,SD7461,6.98,7.4,7,49482318,13256,953485,966741,1609,2761,4370,327968.8037,23590323.99,23918292.79,39808.52483,68310.34,108118.8648,10421143,48.55555,51.44445,0.231432276,876359963.9,14333210.89,14333210.89,0.4767425
SD7462_H055_pH7,H055,SD7462,7.62,7.4,7,103051922,10876,958428,969304,213,2426,2639,560396.3518,49383923.75,49944320.1,10975.02969,125001.9814,135977.0111,24799103,48.59715,51.40285,0.264446902,1018512977,4702828.624,4702828.624,0.479214
SD7463_H056_pH7,H056,SD7463,6.97,7.4,7,19837080,9950,991081,1001031,94,2610,2704,98689.473,9830076.542,9928766.015,932.34276,25887.3894,26819.73216,4149184,50.18675,49.81325,0.229849497,874138823.1,14455429.33,14455429.33,0.4955405
SD7464_H057_pH7,H057,SD7464,7.88,7.4,7,153288300,14480,959376,973856,147,2419,2566,1109807.292,73530558.05,74640365.34,11266.69005,185402.1989,196668.8889,26720737,48.8211,51.1789,0.191557002,1076262638,-226740.4047,0,0.479688
SD7465_H058_pH7,H058,SD7465,7.27,7.4,7,199136124,15128,944990,960118,299,2470,2769,1506265.642,94090822.91,95597088.55,29770.85054,245933.1131,275703.9637,39824120,48.14435,51.85565,0.219763086,940773047.9,10410676.67,10410676.67,0.472495
SD7467_H061_pH6.5,H061,SD7467,6.97,6.9,6.5,33565764,18714,1001528,1020242,91,2527,2618,314074.8537,16808526.24,17122601.1,1527.242262,42410.34281,43937.58508,6682439,51.143,48.857,0.216396703,874138823.1,14455429.33,14455429.33,0.500764
SD7468_H062_pH6.5,H062,SD7468,6.7,6.9,6.5,40424476,20014,1124946,1144960,73,3808,3881,404527.7313,22737676.29,23142204.02,1475.493374,76968.2023,78443.69568,8158221,57.44205,42.55795,0.219362931,814168020.7,17426684.85,17426684.85,0.562473
SD7469_H063_pH6.5,H063,SD7469,6.66,6.9,6.5,138362746,13398,1050005,1063403,159,3019,3178,926892.0355,72640787.56,73567679.59,10999.83831,208858.5651,219858.4034,24765497,53.32905,46.67095,0.194553948,805283457.4,17812966.56,17812966.56,0.5250025
SD7470_H065_pH6.5,H065,SD7470,6.83,6.9,6.5,38501970,20124,1055245,1075369,182,2779,2961,387406.8221,20314505.67,20701912.49,3503.67927,53498.48732,57002.16658,6856451,53.9165,46.0835,0.193565787,843042851.5,16075197.94,16075197.94,0.5276225
SD7471_H067_pH6.5,H067,SD7471,6.5,6.9,6.5,85622518,8215,1084687,1092902,163,2311,2474,351694.4927,46436816.09,46788510.58,6978.235217,98936.81955,105915.0548,16654888,54.7688,45.2312,0.211429651,769745204.1,19218985.53,19218985.53,0.5423435
SD7472_H068_pH6.5,H068,SD7472,6.75,6.9,6.5,53556456,17260,942025,959285,411,2177,2588,462192.2153,25225760.23,25687952.45,11005.85171,58296.20236,69302.05406,6501696,48.09365,51.90635,0.13195535,825273724.8,16924270.67,16924270.67,0.4710125
SD7473_H069_pH6.5,H069,SD7473,6.45,6.9,6.5,149127628,11494,1072766,1084260,95,2529,2624,857036.4781,79989524.49,80846560.97,7083.56233,188571.8856,195655.4479,25908640,54.3442,45.6558,0.188842038,758639500,19612721.69,19612721.69,0.536383
SD7474_H070_pH6.5,H070,SD7474,6.45,6.9,6.5,234712714,11857,1030957,1042814,680,2743,3423,1391494.325,120989357.7,122380852.1,79802.32276,321908.4873,401710.81,30990680,52.31185,47.68815,0.143518096,758639500,19612721.69,19612721.69,0.5154785
SD7475_H071_pH6.5,H071,SD7475,7.07,6.9,6.5,100129262,21145,1029192,1050337,280,2809,3089,1058616.622,51526117.71,52584734.33,14018.09668,140631.5485,154649.6452,17472536,52.6713,47.3287,0.189673694,896350231.4,13194120.86,13194120.86,0.514596
SD7476_H072_pH6.5,H072,SD7476,7.07,6.9,6.5,86066378,22447,967399,989846,246,2664,2910,965965.9935,41630264.01,42596230,10586.16449,114640.4155,125226.58,10634326,49.6378,50.3622,0.134303897,896350231.4,13194120.86,13194120.86,0.4836995
SD7477_H073_pH6.5,H073,SD7477,7.13,6.9,6.5,210844780,19568,938989,958557,69,2032,2101,2062905.328,98990464.56,101053369.9,7274.14491,214218.2965,221492.4414,39031932,48.0329,51.9671,0.201219177,909677076.3,12395603.42,12395603.42,0.4694945
SD7478_H074_pH6.5,H074,SD7478,6.87,6.9,6.5,45715692,22425,1013997,1036422,103,3067,3170,512587.1966,23177787.27,23690374.47,2354.358138,70105.01368,72459.37182,10770477,51.9796,48.0204,0.256083627,851927414.8,15629795.39,15629795.39,0.5069985
SD7479_H075_pH6.5,H075,SD7479,7.2,6.9,6.5,93985946,19856,1006738,1026594,977,2838,3815,933092.4719,47309611.65,48242704.12,45912.13462,133366.0574,179278.192,15882612,51.52045,48.47955,0.183683938,925225062.1,11424440.93,11424440.93,0.503369
SD7480_H076_pH6.5,H076,SD7480,7.12,6.9,6.5,122392,456,31241,31697,2,105,107,27.905376,1911.824236,1939.729612,0.122392,6.42558,6.547972,23242,1.5902,98.4098,0.206410905,907455935.5,12530863.22,12530863.22,0.0156205
SD7481_H077_pH6.5,H077,SD7481,7.4,6.9,6.5,82597794,16972,1026183,1043155,84,2604,2688,700924.8799,42380226.02,43081150.9,3469.107348,107542.3278,111011.4351,14926792,52.29215,47.70785,0.19643108,969647878.7,8414946.477,8414946.477,0.5130915
SD7482_H078_pH6.5,H078,SD7482,6.54,6.9,6.5,54204446,12551,1127574,1140125,5055,3735,8790,340160.0009,30559762,30899922,137001.7373,101226.8029,238228.5402,11353779,57.44575,42.55425,0.227676234,778629767.4,18888346.96,18888346.96,0.563787
SD7483_H079_pH6.5,H079,SD7483,6.54,6.9,6.5,48051980,10097,1084794,1094891,446,2983,3429,242590.421,26063249.8,26305840.22,10715.59154,71669.52817,82385.11971,10004522,54.916,45.084,0.226306605,778629767.4,18888346.96,18888346.96,0.542397
SD7484_H080_pH6.5,H080,SD7484,7.05,6.9,6.5,60972684,21433,969874,991307,95,2331,2426,653413.7681,29567910.46,30221324.23,2896.20249,71063.6632,73959.86569,12226185,49.68665,50.31335,0.217955495,891907949.7,13453337.94,13453337.94,0.484937
SD7485_H081_pH6,H081,SD7485,6.75,6.5,6,75346480,14775,1062586,1077361,761,3004,3765,556622.121,40031057.4,40587679.52,28669.33564,113170.413,141839.7486,13337719,54.0563,45.9437,0.192411386,825273724.8,16924270.67,16924270.67,0.531293
SD7487_H085_pH6,H085,SD7487,6.41,6.5,6,184171266,8404,1087129,1095533,110,2749,2859,773887.6597,100108962.1,100882849.8,10129.41963,253143.4051,263272.8247,28407674,54.9196,45.0804,0.167658654,749754936.6,19912060.98,19912060.98,0.5435645
SD7488_H086_pH6,H086,SD7488,6.75,6.5,6,126776990,15644,1193729,1209373,980,3653,4633,991649.6158,75668684.75,76660334.36,62120.7251,231558.1722,293678.8973,27478274,60.7003,39.2997,0.235592351,825273724.8,16924270.67,16924270.67,0.5968645
SD7489_H087_pH6,H087,SD7489,5.92,6.5,6,79332512,5438,1153293,1158731,103,2424,2527,215705.1001,45746815.38,45962520.48,4085.624368,96151.00454,100236.6289,15636412,58.0629,41.9371,0.214238773,640919036,22450020.1,22450020.1,0.5766465
SD7490_H089_pH6,H089,SD7490,6.06,6.5,6,175396888,14240,1125518,1139758,321,2838,3159,1248825.843,98706177.29,99955003.14,28151.20052,248888.1841,277039.3846,29475780,57.14585,42.85415,0.182665107,672015007.6,21937897.84,21937897.84,0.562759
SD7491_H090_pH6,H090,SD7491,6.7,6.5,6,128742006,20041,957966,978007,153,2212,2365,1290059.271,61665232.26,62955291.53,9848.763459,142388.6586,152237.4221,17709522,49.0186,50.9814,0.149519811,814168020.7,17426684.85,17426684.85,0.478983
SD7492_H091_pH6,H091,SD7492,7.5,6.5,6,39692764,16565,1077812,1094377,173,2625,2798,328755.3178,21390668.68,21719423.99,3433.424086,52096.75275,55530.17684,8212200,54.85875,45.14125,0.224884927,991859287,6779785.628,6779785.628,0.538906
SD7493_H092_pH6,H092,SD7493,6.3,6.5,6,91645254,5817,1087405,1093222,586,3097,3683,266550.2213,49827753.71,50094303.93,26852.05942,141912.6758,168764.7352,20134010,54.84525,45.15475,0.238798983,725322387.5,20663516.55,20663516.55,0.5437025
SD7494_H093_pH6,H093,SD7494,6.2,6.5,6,130978080,6550,1073512,1080062,263,2845,3108,428953.212,70303270.31,70732223.52,17223.61752,186316.3188,203539.9363,27959626,54.1585,45.8415,0.232030412,703110979.2,21255368.44,21255368.44,0.536756
SD7495_H094_pH6,H094,SD7495,6.28,6.5,6,187372572,5533,1047652,1053185,179,2407,2586,518366.2204,98150624.9,98668991.12,16769.84519,225502.8904,242272.7356,45498520,52.78855,47.21145,0.263938913,720880105.9,20788842.32,20788842.32,0.523826
SD7496_H095_pH6,H095,SD7496,7.24,6.5,6,195132454,10044,915061,925105,227,2466,2693,979955.184,89279049.24,90259004.43,22147.53353,240598.3158,262745.8493,43340553,46.3899,53.6101,0.241422151,934109625.4,10850363.62,10850363.62,0.4575305
SD7497_H096_pH6,H096,SD7497,6.37,6.5,6,293041652,22293,974773,997066,267,2350,2617,3266388.774,142824545.1,146090933.9,39121.06054,344323.9411,383445.0016,42057700,49.98415,50.01585,0.156001343,740870373.3,20197489.49,20197489.49,0.4873865
SD7498_H097_pH6,H097,SD7498,6.24,6.5,6,148373900,7571,1126551,1134122,153,3546,3699,561669.3985,83575382.71,84137052.11,11350.60335,263066.9247,274417.5281,31665353,56.89105,43.10895,0.231973831,711995542.6,21029060.77,21029060.77,0.5632755
SD7499_H098_pH6,H098,SD7499,6.41,6.5,6,183144100,15248,1080233,1095481,372,3041,3413,1396290.618,98919150.29,100315440.9,34064.8026,278470.6041,312535.4067,39179666,54.9447,45.0553,0.232530524,749754936.6,19912060.98,19912060.98,0.5401165
SD7500_H099_pH6,H099,SD7500,6.92,6.5,6,46049078,15792,1044302,1060094,259,2756,3015,363603.5199,24044572.13,24408175.65,5963.355601,63455.62948,69418.98509,10103105,53.15545,46.84455,0.238476781,863033118.9,15053480.16,15053480.16,0.522151
SD7501_H100_pH6,H100,SD7501,6.12,6.5,6,91560002,6555,1151906,1158461,113,3370,3483,300087.9066,52734257.83,53034345.74,5173.140113,154278.6034,159451.7435,21407223,58.0972,41.9028,0.254136306,685341852.6,21666251.42,21666251.42,0.575953
SD7502_H101_pH5.5,H101,SD7502,5.52,5.4,5.5,46532812,4071,1143604,1147675,191,2083,2274,94717.53883,26607554.97,26702272.51,4443.883546,48463.9237,52907.80724,11699985,57.49745,42.50255,0.270360386,552073402.9,22974248.51,22974248.51,0.571802
SD7503_H102_pH5.5,H102,SD7503,5.77,5.4,5.5,114090936,3789,1165226,1169015,128,2050,2178,216145.2783,66470862.5,66687007.77,7301.819904,116943.2094,124245.0293,23783375,58.55965,41.44035,0.224150335,607601923.6,22809622.78,22809622.78,0.582613
SD7504_H103_pH5.5,H103,SD7504,5.37,5.4,5.5,95492958,4190,1214252,1218442,340,2525,2865,200057.747,57976257.62,58176315.37,16233.80286,120559.8595,136793.6623,24072888,61.06535,38.93465,0.271065284,518756290.5,22812196.71,22812196.71,0.607126
SD7505_H104_pH5.5,H104,SD7505,5.63,5.4,5.5,123938168,4335,1183273,1187608,341,2638,2979,268635.9791,73326343.93,73594979.91,21131.45764,163474.4436,184605.9012,32749875,59.52935,40.47065,0.284132967,576505952,22968758.85,22968758.85,0.5916365
SD7506_H105_pH5.5,H105,SD7506,5.72,5.4,5.5,65127240,6457,1156557,1163014,294,2608,2902,210263.2943,37661682.66,37871945.95,9573.70428,84925.92096,94499.62524,14687034,58.2958,41.7042,0.24248701,596496219.5,22886019.13,22886019.13,0.5782785
SD7507_H106_pH5.5,H106,SD7507,5.47,5.4,5.5,131998042,3832,1138943,1142775,147,1979,2126,252908.2485,75169122.97,75422031.22,9701.856087,130612.0626,140313.9186,34854533,57.24505,42.75495,0.283928397,540967698.7,22941966.85,22941966.85,0.5694715
SD7508_H107_pH5.5,H107,SD7508,5.11,5.4,5.5,92225512,6384,1130513,1136897,3350,2537,5887,294383.8343,52131070.12,52425453.96,154477.7326,116988.062,271465.7946,21588123,57.1392,42.8608,0.251698635,461006628.9,22067903.86,22067903.86,0.5652565
SD7509_H109_pH5.5,H109,SD7509,5.13,5.4,5.5,110861110,8834,1088522,1097356,419,2304,2723,489673.5229,60337378.59,60827052.11,23225.40255,127711.9987,150937.4013,27230697,55.00395,44.99605,0.26411714,465448910.6,22146023.34,22146023.34,0.544261
SD7510_H110_pH5.5,H110,SD7510,5.14,5.4,5.5,143827444,6170,1078891,1085061,155,1945,2100,443707.6647,77587067.44,78030775.11,11146.62691,139872.1893,151018.8162,32827087,54.35805,45.64195,0.245418691,467670051.4,22183778.94,22183778.94,0.5394455
SD7511_H111_pH5.5,H111,SD7511,5.55,5.4,5.5,33041612,4349,1113396,1117745,318,2420,2738,71848.98529,18394199.32,18466048.3,5253.616308,39980.35052,45233.96683,8167233,56.02415,43.97585,0.265785185,558736825.4,22983184.42,22983184.42,0.556698
SD7512_H113_pH5.5,H113,SD7512,5.44,5.4,5.5,49507616,4294,1160876,1165170,89,2194,2283,106292.8516,28736101.62,28842394.47,2203.088912,54309.85475,56512.94366,12790402,58.37265,41.62735,0.277798075,534304276.3,22912164.76,22912164.76,0.580438
SD7513_H114_pH5.5,H114,SD7513,5.25,5.4,5.5,24078776,4599,1134495,1139094,169,2470,2639,55369.14541,13658625.49,13713994.63,2034.656572,29737.28836,31771.94493,5003417,57.08665,42.91335,0.223434043,492102600.5,22541708.56,22541708.56,0.5672475
SD7514_H115_pH5.5,H115,SD7514,5.28,5.4,5.5,84455460,4915,1169915,1174830,242,2394,2636,207549.293,49402854.74,49610404.04,10219.11066,101093.1856,111312.2963,20299081,58.8733,41.1267,0.258443549,498766023,22621067.83,22621067.83,0.5849575
SD7515_H116_pH5.5,H116,SD7515,5.47,5.4,5.5,89874176,4375,1137789,1142164,97,2159,2256,196599.76,51128924.42,51325524.18,4358.897536,97019.17299,101378.0705,22173316,57.221,42.779,0.26528505,540967698.7,22941966.85,22941966.85,0.5688945
SD7516_H117_pH5.5,H117,SD7516,5.67,5.4,5.5,108213548,4942,1170346,1175288,431,2631,3062,267395.6771,63323646.52,63591042.2,23320.01959,142354.9224,165674.942,25424156,58.9175,41.0825,0.252628277,585390515.3,22940679.88,22940679.88,0.585173
SD7517_H119_pH5.5,H119,SD7517,5.05,5.4,5.5,119222516,5651,1120141,1125792,146,1842,1988,336863.219,66773014.15,67109877.37,8703.243668,109803.9372,118507.1809,29973352,56.389,43.611,0.270329899,447679783.9,21812679.26,21812679.26,0.5600705
SD7518_H120_pH5.5,H120,SD7518,5.61,5.4,5.5,120821586,3849,1289916,1293765,799,4048,4847,232521.1423,77924848.46,78157369.61,48268.22361,244542.8901,292811.1137,27848673,64.9306,35.0694,0.24784321,572063670.3,22977581.79,22977581.79,0.644958
SD7519_S121,H121,SD7519,4.93,4.8,5,116905956,9475,1025357,1034832,223,1830,2053,553841.9666,59935170.16,60489012.13,13035.01409,106968.9497,120003.9638,29197706,51.84425,48.15575,0.271471515,421026094,21208332.24,21208332.24,0.5126785
SD7520_S122,H122,SD7520,5.1,4.8,5,77297164,6673,1062272,1068945,512,2071,2583,257901.9877,41055306.5,41313208.49,19788.07398,80041.21332,99829.28731,17818700,53.5764,46.4236,0.250567436,458785488.1,22027539.99,22027539.99,0.531136
SD7521_S123,H123,SD7521,4.7,4.8,5,29989074,5773,1108172,1113945,318,1708,2026,86563.4621,16616526.06,16703089.52,4768.262766,25610.6692,30378.93196,7717243,55.79855,44.20145,0.279712125,369939854.9,19700057.25,19700057.25,0.554086
SD7522_S124,H124,SD7522,4.76,4.8,5,64328092,6848,1085124,1091972,885,1740,2625,220259.387,34901978.25,35122237.64,28465.18071,55965.44004,84430.62075,16710515,54.72985,45.27015,0.282358806,383266699.9,20137860.92,20137860.92,0.542562
SD7523_S125,H125,SD7523,4.96,4.8,5,245452302,5296,1098465,1103761,798,2079,2877,649957.6957,134810381.5,135460339.2,97935.4685,255147.6679,353083.1364,67291201,55.3319,44.6681,0.297991134,427689516.5,21371156.22,21371156.22,0.5492325
SD7524_S126,H126,SD7524,5.17,4.8,5,26986068,5336,1028871,1034207,1168,2034,3202,71998.82942,13882591.38,13954590.21,15759.86371,27444.83116,43204.69487,7090563,51.87045,48.12955,0.285596764,474333473.9,22291829.2,22291829.2,0.5144355
SD7525_S127,H127,SD7525,4.62,4.8,5,91721980,6932,992631,999563,1640,1935,3575,317908.3827,45523040.36,45840948.75,75212.0236,88741.01565,163953.0393,23644691,50.1569,49.8431,0.280202751,352170728.3,19067631.27,19067631.27,0.4963155
SD7526_S128,H128,SD7526,4.68,4.8,5,88429376,6511,1019684,1026195,506,1550,2056,287881.8336,45085009.92,45372891.75,22372.63213,68532.7664,90905.39853,22968500,51.41255,48.58745,0.282324291,365497573.3,19547167.3,19547167.3,0.509842
SD7527_S129,H129,SD7527,4.83,4.8,5,54060812,5192,1102990,1108182,897,2090,2987,140341.868,29814267.51,29954609.38,24246.27418,56493.54854,80739.82272,13680295,55.55845,44.44155,0.2750585,398814685.7,20609073.08,20609073.08,0.551495
SD7528_S130,H130,SD7528,4.8,4.8,5,61546658,6674,957071,963745,193,1755,1948,205381.1977,29452260.76,29657641.96,5939.252497,54007.1924,59946.44489,16300031,48.28465,51.71535,0.287869814,392151263.2,20412341.55,20412341.55,0.4785355
SD7529_S131,H131,SD7529,4.75,4.8,5,88978268,6719,1107411,1114130,627,2003,2630,298922.4913,49267756.37,49566678.86,27894.68702,89111.7354,117006.4224,23182105,55.838,44.162,0.283192074,381045559.1,20067067.2,20067067.2,0.5537055
SD7530_S132,H132,SD7530,4.78,4.8,5,70069750,5733,1039804,1045537,201,1665,1866,200854.9384,36429403.16,36630258.1,7042.009875,58333.06688,65375.07675,19815884,52.37015,47.62985,0.307393766,387708981.6,20276840.09,20276840.09,0.519902
SD7531_S133,H133,SD7531,4.78,4.8,5,103649042,8022,1093933,1101955,254,2082,2336,415736.3075,56692553.73,57108290.04,13163.42833,107898.6527,121062.0811,24472065,55.21455,44.78545,0.256635953,387708981.6,20276840.09,20276840.09,0.5469665
SD7532_S134,H134,SD7532,5.1,4.8,5,106944678,8022,1059287,1067309,182,1864,2046,428955.1035,56642553.56,57071508.67,9731.965698,99672.4399,109404.4056,25621947,53.46775,46.53225,0.260414477,458785488.1,22027539.99,22027539.99,0.5296435
SD7533_S135,H135,SD7533,5,4.8,5,111519418,6263,1047569,1053832,168,1743,1911,349223.0575,58412142.6,58761365.65,9367.631112,97189.17279,106556.8039,26739268,52.78715,47.21285,0.260622072,436574079.8,21576082.92,21576082.92,0.5237845
SD7534_S136,H136,SD7534,4.92,4.8,5,111997518,6567,1008635,1015202,216,1811,2027,367743.8504,56482308.28,56850052.13,12095.73194,101413.7525,113509.4845,27628872,50.86145,49.13855,0.268143287,418804953.2,21152318.73,21152318.73,0.5043175
SD7535_S137,H137,SD7535,4.95,4.8,5,122538472,5064,1062938,1068002,350,1742,2092,310267.4111,65125399.18,65435666.59,21444.2326,106731.0091,128175.2417,33207322,53.5047,46.4953,0.29455986,425468375.6,21317750.99,21317750.99,0.531469
SD7536_S138,H138,SD7536,4.74,4.8,5,65882666,7542,1016131,1023673,197,1848,2045,248443.5335,33472709.64,33721153.18,6489.442601,60875.58338,67365.02599,17616302,51.2859,48.7141,0.290640247,378824418.2,19995404.06,19995404.06,0.5080655
SD7537_S139,H139,SD7537,4.57,4.8,5,40977766,6473,1001832,1008305,220,1645,1865,132624.5397,20526418.63,20659043.17,4507.55426,33704.21254,38211.7668,10487061,50.5085,49.4915,0.278174739,341065024.1,18644108.75,18644108.75,0.500916
SD7538_S140,H140,SD7538,4.77,4.8,5,120336832,5851,1025089,1030940,2772,2124,4896,352045.402,61677981.39,62030026.79,166786.8492,127797.7156,294584.5647,29717901,51.7918,48.2082,0.26843042,385487840.7,20207785.22,20207785.22,0.5125445
SD7539_S141,H141,SD7539,4.4,4.2,4.5,24100776,7558,954175,961733,4902,4759,9661,91076.8325,11498178.97,11589255.8,59071.00198,57347.79649,116418.7985,6650093,48.5697,51.4303,0.303218224,303305630.1,17041549.86,17041549.86,0.4770875
SD7540_S142,H142,SD7540,4.29,4.2,4.5,16058720,7240,916497,923737,717,1457,2174,58132.5664,7358884.352,7417016.918,5757.05112,11698.77752,17455.82864,4502972,46.29555,53.70445,0.308139184,278873080.9,15870708.67,15870708.67,0.4582485
SD7541_S143,H143,SD7541,4.16,4.2,4.5,30855374,7182,941676,948858,206,2054,2260,110801.648,14527882.58,14638684.23,3178.103522,31688.4691,34866.57262,7632861,47.5559,52.4441,0.271841117,249998250.2,14351357.11,14351357.11,0.470838
SD7542_S144,H145,SD7542,4.21,4.2,4.5,45998926,12225,1017904,1030129,409,2054,2463,281168.4352,23411245.39,23692413.82,9406.780367,47240.897,56647.67737,10554313,51.6296,48.3704,0.252139499,261103954.3,14953111.58,14953111.58,0.508952
SD7544_S146,H147,SD7544,4.3,4.2,4.5,27626732,7663,1014696,1022359,2597,1629,4226,105851.8237,14016367.23,14122219.05,35873.3115,22501.97321,58375.28472,7747730,51.32925,48.67075,0.308179375,281094221.8,15981495.9,15981495.9,0.507348
SD7545_S147,H148,SD7545,4.12,4.2,4.5,61546776,9542,1048144,1057686,532,1567,2099,293639.6683,32254941.99,32548581.66,16371.44242,48221.899,64593.34141,18459486,52.98925,47.01075,0.329589148,241113686.8,13854303.9,13854303.9,0.524072
SD7546_S148,H149,SD7546,4.21,4.2,4.5,30769046,9706,984622,994328,1120,1784,2904,149322.1802,15147939.81,15297261.99,17230.66576,27445.98903,44676.65479,8325557,49.8616,50.1384,0.297343107,261103954.3,14953111.58,14953111.58,0.492311
SD7547_S149,H152,SD7547,4.17,4.2,4.5,15220608,6327,952739,959066,1090,1405,2495,48150.39341,7250633.423,7298783.816,8295.23136,10692.47712,18987.70848,4404613,48.07805,51.92195,0.318005303,252219391,14473446.85,14473446.85,0.4763695
SD7548_S150,H153,SD7548,4.09,4.2,4.5,143921976,8549,946169,954718,353,1437,1790,615194.4864,68087256.05,68702450.54,25402.22876,103407.9398,128810.1685,35286105,47.8254,52.1746,0.269423341,234450264.4,13472385.04,13472385.04,0.4730845
SD7549_S151,H154,SD7549,4.23,4.2,4.5,37638766,6679,961210,967889,991,1505,2496,125694.6591,18089379.13,18215073.79,18650.00855,28323.17142,46973.17997,10034664,48.51925,51.48075,0.292971967,265546236,15187727.4,15187727.4,0.480605
SD7550_S152,H155,SD7550,4.42,4.2,4.5,20598320,7864,1000940,1008804,689,1958,2647,80992.59424,10308841.21,10389833.8,7096.12124,20165.75528,27261.87652,5709817,50.57255,49.42745,0.304613394,307747911.7,17243127.56,17243127.56,0.50047
SD7551_S153,H157,SD7551,4.28,4.2,4.5,37624252,13136,978753,991889,399,2200,2599,247116.0871,18412424.76,18659540.85,7506.038274,41386.6772,48892.71547,8516138,49.7244,50.2756,0.248733009,276651940.1,15759052.02,15759052.02,0.4893765
SD7552_S154,H158,SD7552,4.14,4.2,4.5,25625726,10845,981540,992385,345,1875,2220,138955.4992,12576337.55,12715293.05,4420.437735,24024.11813,28444.55586,6659984,49.73025,50.26975,0.285598298,245555968.5,14104569.35,14104569.35,0.49077
SD7553_S155,H159,SD7553,4.03,4.2,4.5,18045122,10496,959796,970292,283,1764,2047,94700.80026,8659817.958,8754518.758,2553.384763,15915.7976,18469.18237,4507730,48.61695,51.38305,0.274509058,221123419.4,12685072.87,12685072.87,0.479898
SD7554_S156,H160,SD7554,4.32,4.2,4.5,16487782,9509,961637,971146,567,1597,2164,78391.15952,7927630.61,8006021.769,4674.286197,13165.49393,17839.78012,4710058,48.6655,51.3345,0.313922631,285536503.4,16200462.09,16200462.09,0.4808185
SD7555_S157,H161,SD7555,3.86,3.9,4,32125602,8290,1081905,1090195,278,1397,1675,133160.6203,17378424.72,17511585.34,4465.458678,22439.733,26905.19168,9233791,54.5935,45.4065,0.312421518,183364025.3,10284382.63,10284382.63,0.5409525
SD7556_S158,H162,SD7556,3.94,3.9,4,29821894,5572,1100548,1106120,283,1178,1461,83083.79668,16410212.9,16493296.7,4219.798001,17565.09557,21784.89357,8595113,55.37905,44.62095,0.313277022,201133151.9,11445418.48,11445418.48,0.550274
SD7557_S159,H163,SD7557,4.04,3.9,4,94013848,5860,1050775,1056635,946,1029,1975,275460.5746,49393700.57,49669161.14,44468.5501,48370.1248,92838.6749,3099764,52.9305,47.0695,0.03583843,223344560.2,12818465.12,12818465.12,0.5253875
SD7558_S160,H164,SD7558,3.99,3.9,4,17641896,6829,1125860,1132689,325,1275,1600,60238.25389,9931152.515,9991390.769,2866.8081,11246.7087,14113.5168,5288879,56.71445,43.28555,0.32585962,212238856.1,12142809.6,12142809.6,0.56293
SD7559_S161,H165,SD7559,3.9,3.9,4,42689730,6149,1075254,1081403,469,999,1468,131249.5749,22951151.47,23082401.05,10010.74169,21323.52014,31334.26182,11257406,54.14355,45.85645,0.286633597,192248588.6,10871855.95,10871855.95,0.537627
SD7560_S162,H166,SD7560,3.8,3.9,4,55115388,4764,1199025,1203789,180,986,1166,131284.8542,33042364.05,33173648.9,4960.38492,27171.88628,32132.2712,16568263,60.24775,39.75225,0.326750517,170037180.3,9377089.923,9377089.923,0.5995125
SD7561_S163,H167,SD7561,3.8,3.9,4,20907074,7262,930251,937513,3376,1421,4797,75913.58569,9724413.248,9800326.833,35291.14091,14854.47608,50145.61699,4696742,47.1155,52.8845,0.24418311,170037180.3,9377089.923,9377089.923,0.4651255
SD7562_S164,H168,SD7562,3.94,3.9,4,29979192,6611,1020871,1027482,15136,1411,16547,99096.21916,15302443.86,15401540.08,226882.5251,21150.31996,248032.845,7558609,52.20145,47.79855,0.274052728,201133151.9,11445418.48,11445418.48,0.5104355
SD7563_S165,H169,SD7563,3.86,3.9,4,61374558,8233,1075792,1084025,419,1715,2134,252648.368,33013129.25,33265777.62,12857.9699,52628.68349,65486.65339,14919608,54.30795,45.69205,0.264229442,183364025.3,10284382.63,10284382.63,0.537896
SD7564_S166,H170,SD7564,3.82,3.9,4,23586702,12372,1030160,1042532,468,2027,2495,145907.3386,12149038.47,12294945.8,5519.288268,23905.12248,29424.41075,4955667,52.25135,47.74865,0.228374215,174479462,9682998.521,9682998.521,0.51508
SD7565_S167,H171,SD7565,3.93,3.9,4,24788566,8113,1060645,1068758,3241,1485,4726,100554.818,13145934.29,13246489.11,40169.8712,18405.51026,58575.38146,6776977,53.6742,46.3258,0.2971644,198912011.1,11303331.98,11303331.98,0.5303225
SD7566_S168,H172,SD7566,3.71,3.9,4,19404526,8092,1119120,1127212,423,1814,2237,78510.7122,10857996.57,10936507.28,4104.057249,17599.90508,21703.96233,5377139,56.47245,43.52755,0.301203766,150046912.9,7957464.74,7957464.74,0.55956
SD7567_S169,H173,SD7567,3.71,3.9,4,46388448,8485,1051246,1059731,280,1487,1767,196802.9906,24382835.2,24579638.19,6494.38272,34489.81109,40984.19381,12086577,53.0749,46.9251,0.283208089,150046912.9,7957464.74,7957464.74,0.525623
SD7568_S170,H174,SD7568,3.91,3.9,4,42282454,6877,1041544,1048421,487,1175,1662,145388.2181,22019518.13,22164906.35,10295.77755,24840.94173,35136.71927,11851884,52.50415,47.49585,0.304676796,194469729.4,11016550.71,11016550.71,0.520772
SD7569_S171,H175,SD7569,3.89,3.9,4,6072760,6670,1007686,1014356,4895,1379,6274,20252.6546,3059717.617,3079970.271,14863.0801,4187.16802,19050.24812,1642249,51.0315,48.9685,0.293944312,190027447.8,10726291.75,10726291.75,0.503843
SD7570_S172,H176,SD7570,3.71,3.9,4,23893992,6157,1084136,1090293,1095,1212,2307,73557.65437,12952168.46,13025726.11,13081.96062,14479.75915,27561.71977,6257926,54.63,45.37,0.284677984,150046912.9,7957464.74,7957464.74,0.542068
SD7571_S173,H177,SD7571,3.95,3.9,4,61296720,7094,1065269,1072363,2326,1183,3509,217419.4658,32648747.81,32866167.27,71288.08536,36257.00988,107545.0952,15672156,53.7936,46.2064,0.277909685,203354292.8,11586635.55,11586635.55,0.5326345
SD7572_S174,H179,SD7572,3.82,3.9,4,53965850,7795,1055581,1063376,542,1101,1643,210331.9004,28482662.95,28692994.85,14624.74535,29708.20043,44332.94578,15440702,53.25095,46.74905,0.310999859,174479462,9682998.521,9682998.521,0.5277905
SD7573_S175,H180,SD7573,3.89,3.9,4,44776940,7481,1043177,1050658,425,1419,1844,167488.1441,23355136.97,23522625.11,9515.09975,31769.23893,41284.33868,11568130,52.6251,47.3749,0.280815401,190027447.8,10726291.75,10726291.75,0.5215885
